Symbol,Security,GICS Sector,GICS Sub-Industry,Total Revenue,Gross Profit,Operating Income,Net Income,EBITDA,Interest Expense,Total Assets,Total Liabilities Net Minority Interest,Current Assets,Current Liabilities,Total Debt,Stockholders Equity,Inventory,Operating Cash Flow,Capital Expenditure,Free Cash Flow,Revenue Growth (YoY),Negative Equity Flag,Net Margin,Operating Margin,ROA,ROE,Current Ratio,Quick Ratio,Debt-to-Equity,Interest Coverage Ratio,Asset Turnover
MMM,3M,Industrials,Industrial Conglomerates,24948000000.0,9957000000.0,4791000000.0,3250000000.0,6467000000.0,946000000.0,37733000000.0,32986000000.0,16387000000.0,9595000000.0,12602000000.0,4702000000.0,3661000000.0,2306000000.0,-910000000.0,1396000000.0,0.0151780264496439,False,0.13027096360429694,0.19203944203944204,0.0861315029284711,0.6911952360697575,1.7078686816050026,1.3263157894736841,2.6801361122926415,5.064482029598309,0.6611719184798452
AOS,A. O. Smith,Industrials,Building Products,3830200000.0,1487400000.0,728000000.0,546200000.0,813700000.0,13500000.0,3142800000.0,1284800000.0,1291500000.0,862500000.0,192100000.0,1858000000.0,479300000.0,616800000.0,-70800000.0,546000000.0,0.003169115528666,False,0.14260351939846483,0.19006840373870817,0.17379406898307243,0.29397201291711517,1.4973913043478262,0.9416811594202898,0.10339074273412271,53.925925925925924,1.2187221585847015
ABT,Abbott Laboratories,Health Care,Health Care Equipment,44328000000.0,25009000000.0,8053000000.0,6524000000.0,12075000000.0,493000000.0,86713000000.0,33942000000.0,25996000000.0,16496000000.0,13860000000.0,52130000000.0,6488000000.0,9566000000.0,-2171000000.0,7395000000.0,0.0566865315852205,False,0.14717560007218913,0.18166847139505504,0.07523670037941255,0.12514866679455208,1.5758971871968963,1.1825897187196897,0.26587377709572224,16.33468559837728,0.5112036257539239
ABBV,AbbVie,Health Care,Biotechnology,61160000000.0,42956000000.0,20091000000.0,4226000000.0,17629000000.0,2893000000.0,133960000000.0,137188000000.0,29062000000.0,43289000000.0,67496000000.0,-3270000000.0,4951000000.0,19030000000.0,-1214000000.0,17816000000.0,0.0856676252352043,True,0.06909744931327665,0.32849901896664485,0.03154673036727381,,0.6713483794959458,0.5569775231583081,,6.944694089180781,0.4565541952821738
ACN,Accenture,Information Technology,IT Consulting & Other Services,69672977000.0,22235401000.0,10840988000.0,7678433000.0,11867333000.0,228555000.0,65394897000.0,33153930000.0,28900689000.0,20352097000.0,8182866000.0,31195446000.0,0.0,11474399000.0,-600039000.0,10874360000.0,0.073602053264412,False,0.11020675921455172,0.15559817402376822,0.11741639412628786,0.24613954870207658,1.4200349477501015,1.4200349477501015,0.2623096332714717,47.43273172759292,1.0654191717742134
ADBE,Adobe Inc.,Information Technology,Application Software,23769000000.0,21218000000.0,8706000000.0,7130000000.0,9815000000.0,263000000.0,29496000000.0,17873000000.0,10163000000.0,10200000000.0,6648000000.0,11623000000.0,0.0,10031000000.0,-179000000.0,9852000000.0,0.1052778423622413,False,0.2999705498758888,0.36627540073204595,0.2417276918904258,0.6134388712036479,0.9963725490196078,0.9963725490196078,0.5719693710745934,33.10266159695818,0.8058380797396257
AMD,Advanced Micro Devices,Information Technology,Semiconductors,34639000000.0,17152000000.0,3694000000.0,4335000000.0,7275000000.0,131000000.0,76926000000.0,13927000000.0,26947000000.0,9455000000.0,3847000000.0,62999000000.0,7920000000.0,7709000000.0,-974000000.0,6735000000.0,0.3433779329067287,False,0.12514795461762754,0.10664280146655504,0.056352858591373525,0.06881061604152447,2.850026441036489,2.012374405076679,0.0610644613406562,28.198473282442748,0.4502898889842186
AES,AES Corporation,Utilities,Independent Power Producers & Energy Traders,12233000000.0,2211000000.0,1970000000.0,910000000.0,2939000000.0,1407000000.0,51768000000.0,42663000000.0,6502000000.0,8492000000.0,29897000000.0,4063000000.0,612000000.0,4306000000.0,-5929000000.0,-1623000000.0,-0.0036650920345333,False,0.07438894792773645,0.16103981034905585,0.01757842682738371,0.22397243416194929,0.7656617993405558,0.6935939707960433,7.358355894659119,1.400142146410803,0.23630428063668676
AFL,Aflac,Financials,Life & Health Insurance,17355000000.0,,,3646000000.0,,220000000.0,116470000000.0,86980000000.0,,,8409000000.0,29490000000.0,0.0,2555000000.0,,2555000000.0,-0.0926913425345044,False,0.2100835494093921,,0.03130419850605306,0.12363513055272973,,,,,0.14900832832489053
A,Agilent Technologies,Health Care,Life Sciences Tools & Services,6948000000.0,3643000000.0,1479000000.0,1303000000.0,1835000000.0,112000000.0,12727000000.0,5986000000.0,4594000000.0,2347000000.0,3354000000.0,6741000000.0,1025000000.0,1559000000.0,-407000000.0,1152000000.0,0.0672811059907834,False,0.18753598157743234,0.21286701208981001,0.10238076530211361,0.19329476338822132,1.9573924158500213,1.5206646783127398,0.4975522919448153,13.205357142857142,0.5459259841282313
APD,Air Products,Materials,Industrial Gases,12037300000.0,3781300000.0,2889000000.0,-394500000.0,1337500000.0,214000000.0,41059500000.0,23709700000.0,5825800000.0,4218600000.0,18406200000.0,15024900000.0,776500000.0,3256800000.0,-7022600000.0,-3765800000.0,-0.0052311455630299,False,-0.03277313018700207,0.24000398760519387,-0.00960800789098747,-0.02625641435217539,1.3809794718627033,1.1969136680415304,1.225046422937923,13.5,0.2931672329180823
ABNB,Airbnb,Consumer Discretionary,"Hotels, Resorts & Cruise Lines",12241000000.0,10155000000.0,2544000000.0,2511000000.0,2544000000.0,0.0,22208000000.0,14009000000.0,18797000000.0,13649000000.0,2067000000.0,8199000000.0,0.0,4646000000.0,,4646000000.0,0.1025941271842911,False,0.20513029981210684,0.20782615799362797,0.11306736311239193,0.3062568605927552,1.3771704886804894,1.3771704886804894,0.25210391511159896,,0.5511977665706052
AKAM,Akamai Technologies,Information Technology,Internet Services & Infrastructure,4208175000.0,2480662000.0,628242000.0,452031000.0,1341775000.0,30759000.0,11479643000.0,6502272000.0,2286680000.0,967518000.0,5675388000.0,4977371000.0,0.0,1518765000.0,-819500000.0,699265000.0,0.0543718029408934,False,0.10741734837548343,0.14929084460603467,0.039376747168879726,0.09081722057688688,2.3634495688969093,2.3634495688969093,1.1402380895456659,20.424656198185897,0.36657716620630104
ALB,Albemarle Corporation,Materials,Specialty Chemicals,5142733000.0,668719000.0,67285000.0,-510628000.0,314256000.0,207651000.0,16374211000.0,6592750000.0,4008139000.0,1798044000.0,3296651000.0,9533365000.0,1179271000.0,1282267000.0,-589801000.0,692466000.0,-0.0436618995426521,False,-0.09929117455640804,0.013083510265845028,-0.031184891901050987,-0.053562199705979995,2.2291662495467297,1.5733029892483166,0.3458014038065258,0.3240292606344299,0.3140751636826959
ARE,Alexandria Real Estate Equities,Real Estate,Office REITs,2945175000.0,2022570000.0,555045000.0,-1429570000.0,360450000.0,226698000.0,34081835000.0,14925399000.0,939781000.0,2182600000.0,12761098000.0,15470070000.0,0.0,1414046000.0,,1414046000.0,-0.0342757629751851,False,-0.48539390698345597,0.18845908986732537,-0.04194521803183426,-0.09240876091704821,0.4305786676440942,0.4305786676440942,0.8248894801380989,2.4483894873355743,0.08641480131571554
ALGN,Align Technology,Health Care,Health Care Supplies,4034964000.0,2711013000.0,585311000.0,410351000.0,822747000.0,0.0,6233693000.0,2184546000.0,2616562000.0,1920015000.0,114446000.0,4049147000.0,226343000.0,593223000.0,-102445000.0,490778000.0,0.0089902205844843,False,0.10169880078236138,0.1450597824416773,0.0658279129241687,0.10134257906665281,1.3627820615984771,1.24489600341664,0.028264224539143675,,0.6472830792276745
ALLE,Allegion,Industrials,Building Products,4067300000.0,1838300000.0,859500000.0,643800000.0,1002600000.0,101000000.0,5223700000.0,3156100000.0,1391800000.0,755400000.0,1980100000.0,2067600000.0,519000000.0,783800000.0,-98100000.0,685700000.0,0.0782302104872488,False,0.158286824183119,0.21131954859489097,0.1232459750751383,0.3113755078351712,1.842467566851999,1.1554143500132381,0.9576804023989166,8.509900990099009,0.7786243467274154
LNT,Alliant Energy,Utilities,Electric Utilities,4362000000.0,1992000000.0,1025000000.0,810000000.0,1993000000.0,486000000.0,24991000000.0,17657000000.0,1697000000.0,2123000000.0,12116000000.0,7334000000.0,288000000.0,1169000000.0,,1169000000.0,0.095704596834966,False,0.1856946354883081,0.23498395231545163,0.0324116682005522,0.11044450504499591,0.7993405558172397,0.6636834667922751,1.6520316334878646,2.1090534979423867,0.17454283542075147
ALL,Allstate,Financials,Property & Casualty Insurance,67069000000.0,,,10282000000.0,,399000000.0,119758000000.0,89169000000.0,,,7490000000.0,30610000000.0,0.0,10110000000.0,-228000000.0,9882000000.0,0.0559552861528772,False,0.15330480549881464,,0.08585647722907865,0.3359032995753022,,,,,0.5600377427812756
GOOGL,Alphabet Inc. (Class A),Communication Services,Interactive Media & Services,402836000000.0,240301000000.0,129039000000.0,132170000000.0,180698000000.0,736000000.0,595281000000.0,180016000000.0,206038000000.0,102745000000.0,59291000000.0,415265000000.0,0.0,164713000000.0,-91447000000.0,73266000000.0,0.1509008108154437,False,0.3280987796522654,0.32032638592380025,0.22202959610671263,0.3182786895115167,2.005333592875566,2.005333592875566,0.14277870757227312,175.32472826086956,0.6767157023321759
GOOG,Alphabet Inc. (Class C),Communication Services,Interactive Media & Services,402836000000.0,240301000000.0,129039000000.0,132170000000.0,180698000000.0,736000000.0,595281000000.0,180016000000.0,206038000000.0,102745000000.0,59291000000.0,415265000000.0,0.0,164713000000.0,-91447000000.0,73266000000.0,0.1509008108154437,False,0.3280987796522654,0.32032638592380025,0.22202959610671263,0.3182786895115167,2.005333592875566,2.005333592875566,0.14277870757227312,175.32472826086956,0.6767157023321759
MO,Altria,Consumer Staples,Tobacco,20139000000.0,14542000000.0,12035000000.0,6947000000.0,10832000000.0,1177000000.0,35017000000.0,38469000000.0,5932000000.0,9154000000.0,25709000000.0,-3502000000.0,1070000000.0,9290000000.0,-216000000.0,9074000000.0,-0.0149188025826648,True,0.3449525795719748,0.5975967029147425,0.19838935374246794,,0.6480227223071882,0.5311339305221761,,10.225148683092609,0.5751206556815261
AMZN,Amazon,Consumer Discretionary,Broadline Retail,716924000000.0,360510000000.0,79975000000.0,77670000000.0,165341000000.0,2274000000.0,818042000000.0,406977000000.0,229083000000.0,218005000000.0,152987000000.0,411065000000.0,38325000000.0,139514000000.0,-131819000000.0,7695000000.0,0.1237775468329469,False,0.10833784334183261,0.11155296795755199,0.09494622525493801,0.1889482198679041,1.0508153482718285,0.8750166280589895,0.37217228418863196,35.16930518909411,0.8763902097936291
AMCR,Amcor,Materials,Paper & Plastic Packaging Products & Materials,15009000000.0,2834000000.0,1316000000.0,511000000.0,1768000000.0,396000000.0,37066000000.0,25326000000.0,8434000000.0,6987000000.0,15008000000.0,11728000000.0,3471000000.0,1390000000.0,-580000000.0,810000000.0,0.100366568914956,False,0.034046238923312676,0.08768072489839429,0.013786219176603895,0.04357094133697135,1.207098897953342,0.7103191641620151,1.2796725784447476,3.323232323232323,0.4049263475961798
AEE,Ameren,Utilities,Multi-Utilities,8799000000.0,4171000000.0,2026000000.0,1456000000.0,4041000000.0,776000000.0,48476000000.0,34946000000.0,2571000000.0,3907000000.0,19830000000.0,13401000000.0,774000000.0,3353000000.0,-4174000000.0,-821000000.0,0.1542699724517906,False,0.1654733492442323,0.2302534378906694,0.030035481475369254,0.10864860831281248,0.6580496544663424,0.4599436908113642,1.4797403178867248,2.6108247422680413,0.18151250103143823
AEP,American Electric Power,Utilities,Electric Utilities,21876000000.0,13346000000.0,5385000000.0,3580000000.0,9239000000.0,2026000000.0,114460000000.0,82242000000.0,6052000000.0,13314000000.0,49508000000.0,31138000000.0,1622000000.0,6944000000.0,-8583000000.0,-1639000000.0,0.1092743775670604,False,0.16364966172974948,0.2461601755348327,0.03127730211427573,0.11497205986254737,0.4545591107105303,0.3327324620700015,1.5899543965572611,2.6579466929911155,0.19112353660667483
AXP,American Express,Financials,Consumer Finance,72230000000.0,,,10833000000.0,,8234000000.0,300052000000.0,266578000000.0,,,57759000000.0,33474000000.0,0.0,18428000000.0,-2425000000.0,16003000000.0,0.095240261414123,False,0.1499792330056763,,0.0361037420180502,0.32362430543108084,,,,,0.2407249410102249
AIG,American International Group,Financials,Multi-line Insurance,26774000000.0,,,3096000000.0,,396000000.0,161254000000.0,120092000000.0,,,9191000000.0,41139000000.0,0.0,3314000000.0,,3314000000.0,-0.0181884855152181,False,0.11563457085231942,,0.019199523732744615,0.07525705534893896,,,,,0.16603619135029207
AMT,American Tower,Real Estate,Telecom Tower REITs,10644600000.0,7896500000.0,4929200000.0,2529500000.0,6445200000.0,1359400000.0,63190400000.0,52835100000.0,2741800000.0,6913800000.0,44963900000.0,3652500000.0,0.0,5464000000.0,-1680400000.0,3783600000.0,0.0510901335018563,False,0.23763222666892134,0.4630704770493959,0.04002981465539069,0.692539356605065,0.3965691804796205,0.3965691804796205,12.310444900752909,3.6260114756510227,0.16845280295741125
AWK,American Water Works,Utilities,Water Utilities,5140000000.0,3121000000.0,1879000000.0,1111000000.0,2931000000.0,615000000.0,35442000000.0,24605000000.0,2191000000.0,4747000000.0,15918000000.0,10837000000.0,112000000.0,2059000000.0,-3301000000.0,-1242000000.0,0.0973526900085397,False,0.216147859922179,0.36556420233463033,0.03134698944754811,0.10251914736550706,0.46155466610490836,0.4379608173583316,1.468856694657193,3.0552845528455284,0.14502567575193273
AMP,Ameriprise Financial,Financials,Asset Management & Custody Banks,18480000000.0,,,3563000000.0,,326000000.0,190904000000.0,184355000000.0,,,5862000000.0,6549000000.0,0.0,8323000000.0,-162000000.0,8161000000.0,0.0704355885078776,False,0.1928030303030303,,0.01866383103549428,0.5440525271033746,,,,,0.09680258140217073
AME,Ametek,Industrials,Electrical Components & Equipment,7401116000.0,2667439000.0,1910317000.0,1480142000.0,2302397000.0,81254000.0,16067543000.0,5438757000.0,3019842000.0,2842752000.0,2344442000.0,10628786000.0,1106405000.0,1801763000.0,-130248000.0,1671515000.0,0.0662619324091869,False,0.19998902868162044,0.2581120198629504,0.09211999619356862,0.13925786068136098,1.0622952688099419,0.673093185758026,0.22057476742875431,23.510436409284466,0.46062524929916165
AMGN,Amgen,Health Care,Biotechnology,36751000000.0,24714000000.0,9080000000.0,7711000000.0,16898000000.0,2755000000.0,90586000000.0,81928000000.0,29057000000.0,25489000000.0,54604000000.0,8658000000.0,6225000000.0,9958000000.0,-1858000000.0,8100000000.0,0.0995392532312111,False,0.20981741993415146,0.24706810699028597,0.0851235290221447,0.8906213906213907,1.1399819529993331,0.8957589548432657,6.306768306768307,3.2958257713248638,0.40570286799284655
APH,Amphenol,Information Technology,Electronic Components,23094700000.0,8517700000.0,5972000000.0,4270300000.0,6890900000.0,367800000.0,36236900000.0,22727200000.0,20267200000.0,6802800000.0,15502000000.0,13413100000.0,3424900000.0,5374700000.0,-996600000.0,4378100000.0,0.5171224552806006,False,0.1849038956990132,0.25858746812039124,0.11784396568139106,0.3183678642521117,2.979243840771447,2.475789380843182,1.1557358105136024,16.237085372485048,0.63732548865935
ADI,Analog Devices,Information Technology,Semiconductors,11019707000.0,6773478000.0,3002476000.0,2267342000.0,5028673000.0,317716000.0,47992712000.0,14176957000.0,7108061000.0,3245801000.0,8664610000.0,33815755000.0,1656323000.0,4812202000.0,-533552000.0,4278650000.0,0.1689321605654812,False,0.20575338346110292,0.27246423158074895,0.047243464799405374,0.06704987068897324,2.1899250755052453,1.6796279254335063,0.256229973277249,9.450188218408893,0.22961209193595894
AON,Aon plc,Financials,Insurance Brokers,17181000000.0,8196000000.0,4709000000.0,3695000000.0,6540000000.0,815000000.0,50784000000.0,41236000000.0,25774000000.0,23226000000.0,16071000000.0,9352000000.0,0.0,3481000000.0,-263000000.0,3218000000.0,0.0944706332016817,False,0.21506315115534602,0.2740818345847157,0.07275913673597983,0.3951026518391788,1.109704641350211,1.109704641350211,,,0.3383152173913043
APA,APA Corporation,Energy,Oil & Gas Exploration & Production,8920000000.0,3618000000.0,2750000000.0,1434000000.0,5373000000.0,278000000.0,17761000000.0,10758000000.0,2121000000.0,2571000000.0,4590000000.0,6093000000.0,351000000.0,4545000000.0,-2766000000.0,1779000000.0,-0.0839067474581493,False,0.16076233183856503,0.30829596412556054,0.080738697145431,0.23535204332840964,0.8249708284714119,0.6884480746791132,0.7533234859675036,9.892086330935252,0.5022239738753449
APO,Apollo Global Management,Financials,Asset Management & Custody Banks,32049000000.0,30606000000.0,8258000000.0,3492000000.0,8478000000.0,370000000.0,460949000000.0,418434000000.0,260356000000.0,331897000000.0,13364000000.0,23341000000.0,0.0,7246000000.0,,7246000000.0,0.2272727272727272,False,0.10895815782083684,0.25766794595775216,0.007575675400098492,0.1496079859474744,0.784448187238812,0.784448187238812,,,0.06952829922616167
AAPL,Apple Inc.,Information Technology,"Technology Hardware, Storage & Peripherals",416161000000.0,195201000000.0,133050000000.0,112010000000.0,144748000000.0,0.0,359241000000.0,285508000000.0,147957000000.0,165631000000.0,98657000000.0,73733000000.0,5718000000.0,111482000000.0,-12715000000.0,98767000000.0,0.0642551178283274,False,0.2691506412181824,0.31970799762591884,0.3117962593356549,1.5191298333175105,0.8932929222186667,0.858770399261008,1.3380304612588665,,1.1584451663368045
AMAT,Applied Materials,Information Technology,Semiconductor Materials & Equipment,28368000000.0,13808000000.0,8470000000.0,6998000000.0,9975000000.0,269000000.0,36299000000.0,15884000000.0,20881000000.0,7999000000.0,7050000000.0,20415000000.0,5915000000.0,7958000000.0,-2260000000.0,5698000000.0,0.0438622313806299,False,0.24668640721940213,0.2985758601240835,0.1927876801013802,0.34278716629928974,2.6104513064133017,1.870983872984123,0.3453343130051433,31.486988847583643,0.7815091324829885
APP,AppLovin,Information Technology,Application Software,5480717000.0,4815577000.0,4151914000.0,3333764000.0,4354704000.0,207016000.0,7259610000.0,5124939000.0,4430792000.0,1333788000.0,3544741000.0,2134671000.0,0.0,3971094000.0,-28318000.0,3942776000.0,0.6999436734698942,False,0.6082715090014682,0.757549422821868,0.4592208121372911,1.5617226261095971,3.3219612112269714,3.3219612112269714,1.6605561231683945,20.056005332921128,0.7549602526857503
APTV,Aptiv,Consumer Discretionary,Automotive Parts & Equipment,20398000000.0,3898000000.0,2017000000.0,165000000.0,2271000000.0,361000000.0,23413000000.0,13914000000.0,8745000000.0,5037000000.0,8094000000.0,9207000000.0,2561000000.0,2185000000.0,-656000000.0,1529000000.0,0.0347486430274438,False,0.008089028336111383,0.09888224335719188,0.007047366847477897,0.017921146953405017,1.7361524717093508,1.2277149096684534,0.8791137178233952,5.587257617728532,0.8712253876051766
ACGL,Arch Capital Group,Financials,Property & Casualty Insurance,19294000000.0,,,4399000000.0,,148000000.0,79241000000.0,55035000000.0,,,2729000000.0,24206000000.0,0.0,6172000000.0,-44000000.0,6128000000.0,0.1396337861783815,False,0.22799834145330156,,0.05551419088603122,0.1817318020325539,,,,,0.24348506454991733
ADM,Archer Daniels Midland,Consumer Staples,Agricultural Products & Services,80269000000.0,5033000000.0,1424000000.0,1078000000.0,3048000000.0,612000000.0,52389000000.0,29362000000.0,26665000000.0,19534000000.0,9758000000.0,22733000000.0,10369000000.0,5452000000.0,-1248000000.0,4204000000.0,-0.061510581082661,False,0.013429842155751286,0.017740348079582403,0.020576838649334784,0.04742005014736286,1.3650558001433397,0.8342377393263029,0.4292438305547002,2.326797385620915,1.5321727843631296
ARES,Ares Management,Financials,Asset Management & Custody Banks,5601482000.0,3035857000.0,892716000.0,527362000.0,2297502000.0,767460000.0,28633369000.0,19957277000.0,8869165000.0,7488517000.0,14222266000.0,4275463000.0,0.0,3266959000.0,-72178000.0,3194781000.0,0.4419041897085061,False,0.09414687041750737,0.15937139492727104,0.01841774190106655,0.12334617326825188,1.1843686807414606,1.1843686807414606,,,0.1956277656324689
ANET,Arista Networks,Information Technology,Communications Equipment,9005700000.0,5768700000.0,3856100000.0,3511400000.0,3928700000.0,0.0,19448600000.0,7078100000.0,16387000000.0,5376500000.0,,12370500000.0,2247100000.0,4371900000.0,-119500000.0,4252400000.0,0.2859590752666676,False,0.3899086134337142,0.42818437211987964,0.1805477000915233,0.28385271411826524,3.0478936110852786,2.629945131591184,,,0.46305132503110763
AJG,Arthur J. Gallagher & Co.,Financials,Insurance Brokers,13942000000.0,5936000000.0,2556000000.0,1494000000.0,3632000000.0,639000000.0,70665000000.0,47318000000.0,34356000000.0,32519000000.0,13485000000.0,23321000000.0,0.0,1930000000.0,-145000000.0,1785000000.0,0.2065772392903505,False,0.10715822694018075,0.18333094247597187,0.02114200806622798,0.06406243300030016,1.0564900519696179,1.0564900519696179,,,0.19729710606382225
AIZ,Assurant,Financials,Multi-line Insurance,12814300000.0,,,872700000.0,,109700000.0,36289600000.0,30418000000.0,,,2206900000.0,5871600000.0,0.0,1833900000.0,-235500000.0,1598400000.0,0.0788718164596927,False,0.06810360300601671,,0.024048212159957675,0.14863069691395872,,,,,0.35311218641153386
T,AT&T,Communication Services,Integrated Telecommunication Services,125648000000.0,74828000000.0,25000000000.0,21953000000.0,54697000000.0,6804000000.0,420198000000.0,291706000000.0,48732000000.0,53780000000.0,155043000000.0,110533000000.0,2420000000.0,40284000000.0,-20842000000.0,19442000000.0,0.0270729793356003,False,0.17471826053737424,0.198968547052082,0.05224441810765401,0.19861036975382917,0.9061361100780959,0.8611379695053923,1.402685170944424,3.6743092298647855,0.2990209377483948
ATO,Atmos Energy,Utilities,Gas Utilities,4702755000.0,2733759000.0,1559971000.0,1198754000.0,2384457000.0,171678000.0,28249522000.0,14690632000.0,1052695000.0,1362615000.0,9303506000.0,13558890000.0,191832000.0,2049456000.0,-3561399000.0,-1511943000.0,0.1290621525516141,False,0.25490462505488803,0.33171428237277933,0.04243448791806106,0.08841092449308166,0.7725549770111146,0.631772731108934,0.6861554301273924,9.086609816050979,0.16647202030533473
ADSK,Autodesk,Information Technology,Application Software,7206000000.0,6556000000.0,1794000000.0,1124000000.0,1989000000.0,0.0,12467000000.0,9422000000.0,4942000000.0,5808000000.0,2734000000.0,3045000000.0,0.0,2452000000.0,-76000000.0,2376000000.0,0.1753384439732506,False,0.1559811268387455,0.24895920066611157,0.09015801716531643,0.3691297208538588,0.8508953168044077,0.8508953168044077,0.8978653530377668,,0.5780059356701692
ADP,Automatic Data Processing,Industrials,Human Resource & Employment Services,20560900000.0,9463600000.0,5411900000.0,4079700000.0,6348400000.0,455900000.0,53369300000.0,47181300000.0,43252200000.0,41278300000.0,9065400000.0,6188000000.0,0.0,4939700000.0,-547000000.0,4392700000.0,0.0707352129399143,False,0.19842030261321245,0.2632131861932114,0.07644282387065222,0.6592921784098255,1.0478193142643957,1.0478193142643957,1.4649967679379443,11.870805001096732,0.385257067265263
AZO,AutoZone,Consumer Discretionary,Automotive Retail,18938717000.0,9966474000.0,3610156000.0,2498247000.0,4234327000.0,486796000.0,19355324000.0,22769637000.0,8341379000.0,9519397000.0,12288796000.0,-3414313000.0,7025688000.0,3117337000.0,-1327257000.0,1790080000.0,0.0242532450043449,True,0.13191215645706095,0.1906230501253068,0.1290728587131892,,0.8762507751278784,0.13821159050305393,,7.416157897764156,0.978475844682321
AVB,AvalonBay Communities,Real Estate,Multi-Family Residential REITs,3040725000.0,1919811000.0,919756000.0,1051301000.0,2228021000.0,259181000.0,22192137000.0,10357820000.0,353083000.0,1542987000.0,9493752000.0,11611340000.0,0.0,1671105000.0,-264942000.0,1406163000.0,0.04357535648992,False,0.34574024286971033,0.30247917848539413,0.04737267979194613,0.09054088503135728,0.2288308326641767,0.2288308326641767,0.8176275950923838,3.5487014866058852,0.1370181249331689
AVY,Avery Dennison,Materials,Paper & Plastic Packaging Products & Materials,8855500000.0,2546300000.0,1123800000.0,688000000.0,1388700000.0,135400000.0,8801700000.0,6559600000.0,2990300000.0,2653600000.0,3732900000.0,2242100000.0,975800000.0,881400000.0,-200400000.0,681000000.0,0.0113982891145196,False,0.07769182993619785,0.12690418384055108,0.0781667177931536,0.3068551804112216,1.126884232740428,0.7591573711184806,1.6649123589491994,8.299852289512556,1.00611245554836
AXON,Axon Enterprise,Industrials,Aerospace & Defense,2779536000.0,1658125000.0,-62076000.0,124656000.0,196373000.0,94238000.0,7000313000.0,3757655000.0,3713052000.0,1470147000.0,1909664000.0,3242658000.0,341811000.0,211339000.0,-136258000.0,75081000.0,0.334694500812955,False,0.04484777315350476,-0.02233322396256066,0.017807203763603143,0.03844253695579367,2.5256331509706174,2.293131911298666,0.5889193371610574,-0.6587151679789469,0.39705881722717257
BKR,Baker Hughes,Energy,Oil & Gas Equipment & Services,27733000000.0,6544000000.0,3557000000.0,2588000000.0,4287000000.0,222000000.0,40881000000.0,21871000000.0,18828000000.0,13877000000.0,6087000000.0,18834000000.0,4954000000.0,3810000000.0,-1273000000.0,2537000000.0,-0.0034496388659312,False,0.09331842930804457,0.12825875311001333,0.06330569213081871,0.1374110650950409,1.356777401455646,0.9997838149455934,0.3231920993947117,16.02252252252252,0.678383601183924
BALL,Ball Corporation,Materials,"Metal, Glass & Plastic Containers",13161000000.0,2578000000.0,1390000000.0,912000000.0,2064000000.0,314000000.0,19524000000.0,14103000000.0,6113000000.0,5487000000.0,7012000000.0,5421000000.0,2013000000.0,1262000000.0,-474000000.0,788000000.0,0.1158117846545146,False,0.0692956462274903,0.1056150748423372,0.04671173939766441,0.16823464305478694,1.1140878439948971,0.747220703480955,1.2934882862940418,4.426751592356688,0.6740934234787953
BAC,Bank of America,Financials,Diversified Banks,113097000000.0,,,30509000000.0,,78470000000.0,3411738000000.0,3108495000000.0,,,365904000000.0,303243000000.0,0.0,12613000000.0,,12613000000.0,0.0684042472793228,False,0.2697595869032777,,0.008942363100566338,0.10060908248500378,,,,,0.033149380169286154
BAX,Baxter International,Health Care,Health Care Equipment,11244000000.0,3379000000.0,177000000.0,-957000000.0,766000000.0,290000000.0,20055000000.0,13953000000.0,6872000000.0,2970000000.0,9780000000.0,6129000000.0,2232000000.0,845000000.0,-522000000.0,323000000.0,0.0571643474990598,False,-0.08511205976520811,0.01574172892209178,-0.04771877337322363,-0.1561429270680372,2.3138047138047138,1.5622895622895623,1.595692608908468,0.6103448275862069,0.5606581899775617
BDX,Becton Dickinson,Health Care,Health Care Equipment,21840000000.0,9925000000.0,2986000000.0,1678000000.0,4956000000.0,613000000.0,55325000000.0,29935000000.0,9255000000.0,8313000000.0,19181000000.0,25390000000.0,3894000000.0,3431000000.0,-760000000.0,2671000000.0,0.0823669342848647,False,0.07683150183150184,0.13672161172161174,0.0303298689561681,0.06608901142181961,1.113316492241068,0.6448935402381811,0.7554549035053171,4.871125611745514,0.3947582467239042
BRK-B,Berkshire Hathaway,Financials,Multi-Sector Holdings,410522000000.0,,,66968000000.0,,5069000000.0,1222176000000.0,502473000000.0,,,129081000000.0,717419000000.0,0.0,45969000000.0,-20927000000.0,25042000000.0,-0.0323172226517565,False,0.1631288944319671,,0.05479407221218548,0.09334572962243821,,,,,0.3358943392768308
BBY,Best Buy,Consumer Discretionary,Computer & Electronics Retail,41691000000.0,9373000000.0,1750000000.0,1069000000.0,2282000000.0,47000000.0,14670000000.0,11706000000.0,8504000000.0,7679000000.0,4133000000.0,2964000000.0,5230000000.0,1962000000.0,-704000000.0,1258000000.0,0.0039250626083606,False,0.02564102564102564,0.04197548631599146,0.07286980231765508,0.3606612685560054,1.1074358640447974,0.426357598645657,1.3943994601889338,37.234042553191486,2.841922290388548
TECH,Bio-Techne,Health Care,Life Sciences Tools & Services,1219635000.0,790272000.0,242804000.0,73400000.0,216875000.0,8509000.0,2557868000.0,639060000.0,608300000.0,175849000.0,444058000.0,1918808000.0,189446000.0,287556000.0,-31006000.0,256550000.0,0.0522621779718047,False,0.06018193967867436,0.19907923272126496,0.028695773198616974,0.038252915351614125,3.459217851679566,2.3818958310823493,0.23142388399464667,28.534962980373724,0.4768170210503435
BIIB,Biogen,Health Care,Biotechnology,9890600000.0,7486400000.0,2469000000.0,1292900000.0,2603900000.0,267500000.0,29439500000.0,11182700000.0,8974100000.0,3349400000.0,6577200000.0,18256800000.0,2168100000.0,2204600000.0,-235400000.0,1969200000.0,0.0221891503632737,False,0.13072007764948537,0.24963096273229127,0.04391718609351382,0.0708174488409798,2.67931569833403,2.0320057323699765,0.3602602865781517,9.229906542056074,0.3359635863380832
BLK,BlackRock,Financials,Asset Management & Custody Banks,24216000000.0,11310000000.0,7909000000.0,5553000000.0,9359000000.0,614000000.0,169998000000.0,108456000000.0,27424000000.0,1740000000.0,14996000000.0,55888000000.0,0.0,3927000000.0,-375000000.0,3552000000.0,0.1866516391434311,False,0.22931119920713577,0.326602246448629,0.0326650901775315,0.09935943315201833,15.760919540229885,15.760919540229885,,,0.14244873469099636
BX,Blackstone Inc.,Financials,Asset Management & Custody Banks,12410012000.0,,,3019214000.0,,508314000.0,47708975000.0,25827803000.0,,,13306165000.0,8665526000.0,0.0,4663161000.0,-115703000.0,4547458000.0,0.135352141797203,False,0.2432885641045311,,0.06328398377873345,0.34841670315223794,,,,,0.2601190237266678
XYZ,"Block, Inc.",Financials,Transaction & Payment Processing Services,24193683000.0,10359929000.0,3045652000.0,1305636000.0,3415181000.0,0.0,39549887000.0,17380005000.0,22856880000.0,10384460000.0,8966376000.0,22204278000.0,158319000.0,2579714000.0,-155038000.0,2424676000.0,0.0030110625767457,False,0.05396598773324425,0.12588624890224445,0.03301238256382376,0.05880110130128978,2.201065823355283,2.1858200619001855,,,0.611725717446424
BNY,BNY Mellon,Financials,Asset Management & Custody Banks,19759000000.0,,,5549000000.0,,20682000000.0,472300000000.0,427492000000.0,,,34298000000.0,44313000000.0,0.0,6730000000.0,-1553000000.0,5177000000.0,0.0822105378464234,False,0.2808340503061896,,0.011748888418378149,0.125222846568727,,,,,0.04183569764979886
BA,Boeing,Industrials,Aerospace & Defense,89463000000.0,4289000000.0,-5416000000.0,2235000000.0,7359000000.0,2771000000.0,168235000000.0,162778000000.0,128459000000.0,108115000000.0,54433000000.0,5454000000.0,84679000000.0,1065000000.0,-2951000000.0,-1886000000.0,0.3449644451794278,False,0.024982394956574228,-0.06053899377396242,0.013284988260468986,0.4097909790979098,1.1881700041622347,0.40493918512694815,9.98038137147048,-1.9545290508841573,0.5317740065979136
BKNG,Booking Holdings,Consumer Discretionary,"Hotels, Resorts & Cruise Lines",26917000000.0,,9282000000.0,5404000000.0,9217000000.0,1617000000.0,29264000000.0,34842000000.0,22264000000.0,16698000000.0,19293000000.0,-5578000000.0,0.0,9409000000.0,-322000000.0,9087000000.0,0.1338725304351489,True,0.20076531559980682,0.3448378348255749,0.18466375068343358,,1.3333333333333333,1.3333333333333333,,5.740259740259741,0.9197990705303445
BSX,Boston Scientific,Health Care,Health Care Equipment,20074000000.0,13853000000.0,3971000000.0,2898000000.0,5102000000.0,349000000.0,43673000000.0,19201000000.0,8794000000.0,5439000000.0,11436000000.0,24232000000.0,2943000000.0,4534000000.0,-1130000000.0,3404000000.0,0.1986624470054338,False,0.14436584636843677,0.19781807312942115,0.06635678794678634,0.1195939253879168,1.6168413311270453,1.0757492186063615,0.4719379333113239,11.378223495702006,0.45964325784809834
BMY,Bristol Myers Squibb,Health Care,Pharmaceuticals,48195000000.0,34259000000.0,13724000000.0,7054000000.0,15230000000.0,1891000000.0,90038000000.0,71532000000.0,29390000000.0,23417000000.0,47139000000.0,18473000000.0,2690000000.0,14156000000.0,-1311000000.0,12845000000.0,-0.0021739130434782,False,0.14636373067745617,0.2847598298578691,0.07834469890490682,0.38185459860336707,1.2550711021907162,1.1401972925652304,2.5517782709900936,7.25753569539926,0.5352739954241542
AVGO,Broadcom,Information Technology,Semiconductors,63887000000.0,43294000000.0,26075000000.0,23126000000.0,34714000000.0,3210000000.0,171092000000.0,89800000000.0,31573000000.0,18514000000.0,65136000000.0,81292000000.0,2270000000.0,27537000000.0,-623000000.0,26914000000.0,0.2387443285376352,False,0.3619828760154648,0.40814250160439525,0.13516704463095877,0.2844806377011268,1.7053581073782003,1.5827481905584964,0.8012596565467697,8.123052959501557,0.37340728964533704
BR,Broadridge Financial Solutions,Industrials,Data Processing & Outsourced Services,6889100000.0,2136800000.0,1188600000.0,839500000.0,1521800000.0,135800000.0,8545000000.0,5889800000.0,1817100000.0,1861300000.0,3459000000.0,2655200000.0,0.0,1171300000.0,-114900000.0,1056400000.0,0.0587539189770701,False,0.1218591688319229,0.17253342236286306,0.09824458747805734,0.3161720397710154,0.9762531563960672,0.9762531563960672,1.3027267249171437,8.75257731958763,0.806214160327677
BRO,Brown & Brown,Financials,Insurance Brokers,5763000000.0,2828000000.0,1502000000.0,1054000000.0,2044000000.0,306000000.0,29991000000.0,17418000000.0,8614000000.0,8294000000.0,7918000000.0,12547000000.0,0.0,1450000000.0,-68000000.0,1382000000.0,0.2248671625929862,False,0.18289085545722714,0.2606281450633351,0.03514387649628222,0.08400414441699211,1.0385821075476247,1.0385821075476247,,,0.19215764729418824
BF-B,Brown–Forman,Consumer Staples,Distillers & Vintners,,,,,,0.0,8086000000.0,4093000000.0,4195000000.0,1080000000.0,2733000000.0,3993000000.0,2511000000.0,598000000.0,-167000000.0,431000000.0,,False,,,,,3.884259259259259,1.5592592592592593,0.6844477836213373,,
BLDR,Builders FirstSource,Industrials,Building Products,15190638000.0,4615777000.0,786276000.0,435199000.0,1377708000.0,273894000.0,11237530000.0,6885279000.0,2927283000.0,1574941000.0,5100271000.0,4352251000.0,1094684000.0,1215886000.0,-362602000.0,853284000.0,-0.0737693722846851,False,0.028649158777926245,0.05176056463197925,0.038727282596798404,0.09999400310322176,1.8586620070212154,1.1635985094044792,1.1718696830674518,2.8707310127275516,1.351777303375386
BG,Bunge Global,Consumer Staples,Agricultural Products & Services,70329000000.0,3409000000.0,1296000000.0,816000000.0,2465000000.0,628000000.0,44528000000.0,27106000000.0,24391000000.0,15127000000.0,15855000000.0,15904000000.0,13198000000.0,844000000.0,-1723000000.0,-879000000.0,0.3242637644046094,False,0.011602610587382161,0.018427675638783433,0.018325547969816745,0.05130784708249497,1.6124148872876314,0.7399352151781583,0.996919014084507,2.0636942675159236,1.5794331656485807
BXP,"BXP, Inc.",Real Estate,Office REITs,3482279000.0,2111611000.0,1014351000.0,276800000.0,1949485000.0,653138000.0,26166164000.0,18473924000.0,3266567000.0,1479115000.0,17358735000.0,5154728000.0,0.0,1245157000.0,,1245157000.0,0.0218797383234943,False,0.07948817426748403,0.2912894113309129,0.010578547164957004,0.05369827467133086,2.208460464534536,2.208460464534536,3.3675365606099876,1.5530423892041192,0.13308328266993968
CHRW,C.H. Robinson,Industrials,Air Freight & Logistics,16232763000.0,1359252000.0,794961000.0,587081000.0,897779000.0,72504000.0,5058381000.0,3212734000.0,2798543000.0,1831702000.0,1395386000.0,1845647000.0,0.0,914519000.0,-70543000.0,843976000.0,-0.0841859917734069,False,0.036166424656110606,0.04897262406898936,0.11606104799144232,0.31808953716501587,1.527837497584214,1.527837497584214,0.7560416482675181,10.964374379344587,3.2090827084792544
CDNS,Cadence Design Systems,Information Technology,Application Software,5296759000.0,4574510000.0,1649781000.0,1108888000.0,1872428000.0,116541000.0,10153148000.0,4678967000.0,4669673000.0,1635291000.0,2616439000.0,5474181000.0,303545000.0,1728781000.0,-141871000.0,1586910000.0,0.1412320005929419,False,0.20935217177145496,0.311469900744965,0.10921617610616924,0.20256692279630506,2.855560875709583,2.669939478661596,0.477959899389516,14.156228280176075,0.5216863774663779
CPT,Camden Property Trust,Real Estate,Multi-Family Residential REITs,1573544000.0,966308000.0,288906000.0,384462000.0,1148181000.0,138239000.0,9042989000.0,4604736000.0,46126000.0,455440000.0,3900790000.0,4362523000.0,0.0,826621000.0,-440402000.0,386219000.0,0.0192390153914714,False,0.2443287254757414,0.18360211090379425,0.042514925098327556,0.0881283605840015,0.10127788512207975,0.10127788512207975,0.8941591826564582,2.089902270705083,0.17400706779583608
CPB,Campbell's Company (The),Consumer Staples,Packaged Foods & Meats,10253000000.0,3119000000.0,1353000000.0,602000000.0,1575000000.0,345000000.0,14896000000.0,10992000000.0,2232000000.0,2906000000.0,7212000000.0,3902000000.0,1424000000.0,1131000000.0,-426000000.0,705000000.0,0.0640307181403071,False,0.058714522578757436,0.131961377157905,0.040413533834586464,0.15427985648385442,0.7680660701995871,0.2780454232622161,1.8482829318298308,3.9217391304347826,0.6883055853920516
COF,Capital One,Financials,Consumer Finance,53434000000.0,,,2453000000.0,,15818000000.0,669009000000.0,555393000000.0,,,50413000000.0,113616000000.0,0.0,27718000000.0,-1578000000.0,26140000000.0,0.3661791777459603,False,0.04590710034809298,,0.0036666173399759945,0.021590268976200536,,,,,0.07987037543590594
CAH,Cardinal Health,Health Care,Health Care Distributors,222578000000.0,8168000000.0,2322000000.0,1561000000.0,3106000000.0,215000000.0,53122000000.0,55756000000.0,36373000000.0,38897000000.0,8527000000.0,-2781000000.0,16831000000.0,2397000000.0,-547000000.0,1850000000.0,-0.018732337861013,True,0.007013271751925168,0.010432297891076386,0.02938518881066225,,0.9351106769159575,0.5024037843535492,,10.8,4.189940137796016
CCL,Carnival Corporation,Consumer Discretionary,"Hotels, Resorts & Cruise Lines",26621000000.0,10674000000.0,4482000000.0,2760000000.0,6911000000.0,1349000000.0,51687000000.0,39403000000.0,4219000000.0,13092000000.0,27993000000.0,12284000000.0,505000000.0,6218000000.0,-3611000000.0,2607000000.0,0.0639462851204987,False,0.10367754780060855,0.1683633221892491,0.053398340008125836,0.22468251383914034,0.3222578673999389,0.2836846929422548,2.278817974601107,3.322461082283173,0.5150424671580862
CARR,Carrier Global,Industrials,Building Products,21747000000.0,5624000000.0,1907000000.0,1484000000.0,3530000000.0,458000000.0,37190000000.0,23062000000.0,8533000000.0,7114000000.0,12251000000.0,13804000000.0,2483000000.0,2513000000.0,-392000000.0,2121000000.0,-0.0328648937116428,False,0.06823929737435049,0.08769025612728193,0.03990319978488841,0.1075050709939148,1.1994658420016868,0.8504357604723082,0.8874963778614894,4.163755458515284,0.5847539661199247
CVNA,Carvana,Consumer Discretionary,Automotive Retail,20322000000.0,4192000000.0,1881000000.0,1407000000.0,-110000000.0,505000000.0,13201000000.0,8998000000.0,6549000000.0,1519000000.0,5521000000.0,3441000000.0,2408000000.0,1036000000.0,-147000000.0,889000000.0,0.4862868426826592,False,0.06923531148509005,0.09255978742249779,0.10658283463373987,0.40889276373147343,4.311389071757735,2.726135615536537,1.6044754431851207,3.724752475247525,1.5394288311491553
CASY,Casey's,Consumer Staples,Food Retail,15940899000.0,3752403000.0,796400000.0,546520000.0,1200047000.0,0.0,8208118000.0,4699448000.0,1012853000.0,1101693000.0,2957899000.0,3508670000.0,480034000.0,1090854000.0,-506224000.0,584630000.0,0.0725285817120775,False,0.0342841391818617,0.04995954117769644,0.06658286345298642,0.15576272490715856,0.919360475195903,0.4836365484758458,0.8430257048967272,,1.9420894046601183
CAT,Caterpillar Inc.,Industrials,Construction Machinery & Heavy Transportation Equipment,67589000000.0,21478000000.0,11151000000.0,8884000000.0,14305000000.0,502000000.0,98585000000.0,77267000000.0,52485000000.0,36558000000.0,43330000000.0,21318000000.0,18135000000.0,11739000000.0,-4286000000.0,7453000000.0,0.0428952768905553,False,0.1314415067540576,0.16498246756128956,0.0901151290764315,0.4167370297401257,1.4356638765796816,0.9396028229115378,2.03255464865372,22.213147410358566,0.6855911142668762
CBOE,Cboe Global Markets,Financials,Financial Exchanges & Data,4714200000.0,1928300000.0,1514100000.0,1100000000.0,1741300000.0,52300000.0,9305300000.0,4167000000.0,4421400000.0,2362300000.0,1590700000.0,5138300000.0,0.0,1752600000.0,-71000000.0,1681600000.0,0.1513493711075833,False,0.23333757583471215,0.32117856688303426,0.11821220164852289,0.2140785863028628,1.8716505100960927,1.8716505100960927,,,0.5066145100104241
CBRE,CBRE Group,Real Estate,Real Estate Services,40550000000.0,7566000000.0,1294000000.0,1157000000.0,2023000000.0,0.0,30877000000.0,21251000000.0,13489000000.0,12320000000.0,9991000000.0,8878000000.0,0.0,1559000000.0,-366000000.0,1193000000.0,0.1337266195096038,False,0.028532675709001233,0.03191122071516646,0.037471256922628496,0.1303221446271683,1.0948863636363637,1.0948863636363637,1.125366073439964,,1.3132752534248793
CDW,CDW Corporation,Information Technology,Technology Distributors,22424100000.0,4873400000.0,1655600000.0,1066600000.0,1950400000.0,227400000.0,16028200000.0,13422100000.0,8500500000.0,7226100000.0,5787600000.0,2606100000.0,563400000.0,1205200000.0,-117100000.0,1088100000.0,0.0678803925957321,False,0.0475648966959655,0.07383127973920915,0.06654521406021886,0.4092705575380837,1.1763606924897247,1.0983933241997759,2.2207896857373086,7.280562884784521,1.3990404412223456
COR,Cencora,Health Care,Health Care Distributors,321332819000.0,11478539000.0,3933622000.0,1554169000.0,3746505000.0,419753000.0,76590112000.0,74843027000.0,52239073000.0,57820539000.0,7660773000.0,1508019000.0,20492480000.0,3875120000.0,-667981000.0,3207139000.0,0.0931227053507626,False,0.004836633260295768,0.012241581834814079,0.020292031953158655,1.0306030626935072,0.9034691461454554,0.5490539097188285,5.080024190676642,9.37127787055721,4.195486997068238
CNC,Centene Corporation,Health Care,Managed Health Care,194777000000.0,13867000000.0,-312000000.0,-6674000000.0,-4775000000.0,678000000.0,76747000000.0,56691000000.0,40370000000.0,36696000000.0,18162000000.0,19953000000.0,0.0,5088000000.0,-767000000.0,4321000000.0,0.1944306467734913,False,-0.03426482592913948,-0.00160183183846142,-0.08696105385226784,-0.33448604219916805,1.1001199040767387,1.1001199040767387,0.9102390617952187,-0.46017699115044247,2.5379102766231907
CNP,CenterPoint Energy,Utilities,Multi-Utilities,9357000000.0,4216000000.0,2110000000.0,1052000000.0,3680000000.0,903000000.0,46534000000.0,35381000000.0,5701000000.0,6260000000.0,22980000000.0,11153000000.0,732000000.0,2486000000.0,-4870000000.0,-2384000000.0,0.0826102047900034,False,0.1124291973923266,0.22549962594848777,0.02260712597240727,0.09432439702322246,0.910702875399361,0.7937699680511182,2.0604321707163993,2.336655592469546,0.20107878110628788
CF,CF Industries,Materials,Fertilizers & Agricultural Chemicals,7084000000.0,2724000000.0,2375000000.0,1455000000.0,3282000000.0,145000000.0,14088000000.0,6313000000.0,2985000000.0,887000000.0,3636000000.0,4838000000.0,383000000.0,2752000000.0,-951000000.0,1801000000.0,0.1933962264150943,False,0.20539243365330323,0.3352625635234331,0.1032793867120954,0.30074410913600663,3.3652762119503947,2.9334836527621193,0.7515502273666804,16.379310344827587,0.502839295854628
CRL,Charles River Laboratories,Health Care,Life Sciences Tools & Services,4015382000.0,1323275000.0,401136000.0,-144338000.0,410838000.0,107029000.0,7135422000.0,3924228000.0,1447049000.0,1120315000.0,2570408000.0,3164630000.0,299103000.0,737646000.0,-219152000.0,518494000.0,-0.0085449614801422,False,-0.035946268624006385,0.09989983518380069,-0.020228376121272155,-0.04560975532684706,1.2916447606253598,1.0246635990770454,0.8122301817274057,3.74791878836577,0.5627392465365048
SCHW,Charles Schwab Corporation,Financials,Investment Banking & Brokerage,23921000000.0,,,8852000000.0,,3754000000.0,490995000000.0,441570000000.0,,,30951000000.0,49425000000.0,0.0,9311000000.0,-548000000.0,8763000000.0,0.2200856880546771,False,0.37005141925504786,,0.01802869682990662,0.179099645928174,,,,,0.0487194370614772
CHTR,Charter Communications,Communication Services,Cable & Satellite,54774000000.0,30968000000.0,13324000000.0,4987000000.0,21211000000.0,5042000000.0,154213000000.0,133694000000.0,5144000000.0,13306000000.0,97121000000.0,16054000000.0,0.0,16077000000.0,-11659000000.0,4418000000.0,-0.0056458200962149,False,0.09104684704421806,0.24325409865994815,0.03233838911116443,0.3106390930609194,0.38659251465504285,0.38659251465504285,6.049644948299489,2.64260214200714,0.355184063600345
CVX,Chevron Corporation,Energy,Integrated Oil & Gas,184432000000.0,56086000000.0,16674000000.0,12299000000.0,41417000000.0,1217000000.0,324012000000.0,131836000000.0,38552000000.0,33387000000.0,40758000000.0,186450000000.0,9711000000.0,33939000000.0,-17347000000.0,16592000000.0,-0.0464392443153029,False,0.06668582458575519,0.0904073045892253,0.03795847067392566,0.06596406543309198,1.1547009315002845,0.8638392188576391,0.21860016090104586,13.700903861955629,0.5692134859202745
CMG,Chipotle Mexican Grill,Consumer Discretionary,Restaurants,11925601000.0,3026207000.0,2012808000.0,1535761000.0,2374190000.0,0.0,8994531000.0,6163924000.0,1466953000.0,1188142000.0,5075814000.0,2830607000.0,49508000.0,2113926000.0,-666336000.0,1447590000.0,0.0540707042949912,False,0.12877849929743582,0.16878042456728176,0.17074386646730108,0.5425553600340846,1.2346613451927464,1.1929929250880786,1.79318923467652,,1.3258724662797872
CB,Chubb Limited,Financials,Property & Casualty Insurance,59783000000.0,,,10310000000.0,,764000000.0,272327000000.0,192548000000.0,,,17227000000.0,73757000000.0,0.0,12816000000.0,,12816000000.0,0.0673629708980539,False,0.1724570530083803,,0.03785889757534141,0.1397833425979907,,,,,0.21952652509666687
CHD,Church & Dwight,Consumer Staples,Household Products,6203200000.0,2774800000.0,1077600000.0,736800000.0,1299500000.0,95200000.0,8912400000.0,4910200000.0,1597000000.0,1497700000.0,2205100000.0,4002200000.0,534800000.0,1215400000.0,-122400000.0,1093000000.0,0.0157357829411668,False,0.11877740521021408,0.1737167913335053,0.08267133432072168,0.18409874568987056,1.066301662549242,0.7092208052346932,0.5509719654190195,11.319327731092438,0.6960190296665321
CIEN,Ciena,Information Technology,Communications Equipment,4769507000.0,2004917000.0,310792000.0,123338000.0,388389000.0,91764000.0,5864667000.0,3135344000.0,3565507000.0,1308394000.0,1625554000.0,2729323000.0,826235000.0,806093000.0,-140801000.0,665292000.0,0.1879353566851932,False,0.025859695771491685,0.06516229035831167,0.021030691086126457,0.04518996102696529,2.7251019188409606,2.093614003121384,0.5955887229177346,3.38686195022013,0.8132613497066414
CI,Cigna,Health Care,Health Care Services,274876000000.0,,,5957000000.0,,1408000000.0,157919000000.0,116045000000.0,47814000000.0,56342000000.0,31463000000.0,41713000000.0,7338000000.0,9601000000.0,-1212000000.0,8389000000.0,0.1167102718689568,False,0.02167159009880819,,0.03772187007263217,0.14280919617385468,0.8486386709736964,0.7183983529161194,0.7542732481480594,,1.7406138590036664
CINF,Cincinnati Financial,Financials,Property & Casualty Insurance,12631000000.0,,,2393000000.0,,53000000.0,41002000000.0,25091000000.0,,,886000000.0,15911000000.0,0.0,3112000000.0,-20000000.0,3092000000.0,0.1141395430890006,False,0.18945451666534716,,0.058363006682600846,0.15039909496574697,,,,,0.3080581435051949
CTAS,Cintas,Industrials,Diversified Support Services,10340181000.0,5174164000.0,2359726000.0,1812281000.0,2859493000.0,101108000.0,9825241000.0,5140760000.0,3436169000.0,1644502000.0,2654481000.0,4684481000.0,1584769000.0,2165905000.0,-408884000.0,1757021000.0,0.0774821121822642,False,0.17526588751202712,0.22820935146106244,0.18445155696435334,0.3868691110071745,2.089489097611313,1.1258119479331736,0.566654235549253,23.338667563397554,1.0524099103523261
CSCO,Cisco,Information Technology,Communications Equipment,56654000000.0,36790000000.0,12504000000.0,10180000000.0,15504000000.0,1593000000.0,122291000000.0,75448000000.0,34986000000.0,35064000000.0,28093000000.0,46843000000.0,3164000000.0,14193000000.0,-905000000.0,13288000000.0,0.0529896102447818,False,0.17968722420305716,0.22070815829420695,0.08324406538502424,0.21732169160813783,0.9977754962354551,0.9075404973762263,0.599726746792477,7.849340866290019,0.4632720314659296
C,Citigroup,Financials,Diversified Banks,85213000000.0,,,14306000000.0,,83072000000.0,2657202000000.0,2443380000000.0,,,367705000000.0,212291000000.0,0.0,-67632000000.0,-6520000000.0,-74152000000.0,0.0562896667988893,False,0.16788518183845189,,0.0053838586603502485,0.06738863164241536,,,,,0.03206869481507239
CFG,Citizens Financial Group,Financials,Regional Banks,8247000000.0,,,1831000000.0,,3810000000.0,226351000000.0,200034000000.0,,,11282000000.0,26317000000.0,0.0,2211000000.0,-174000000.0,2037000000.0,0.0560891279293123,False,0.22202012853158726,,0.008089206586231119,0.06957479955922027,,,,,0.03643456401783071
CLX,Clorox,Consumer Staples,Household Products,7104000000.0,3213000000.0,1177000000.0,810000000.0,1385000000.0,88000000.0,5561000000.0,5079000000.0,1608000000.0,1919000000.0,2880000000.0,321000000.0,523000000.0,981000000.0,-220000000.0,761000000.0,0.0015508247568024,False,0.11402027027027027,0.16568130630630631,0.14565725588922857,2.5233644859813085,0.8379364252214695,0.5653986451276707,8.97196261682243,13.375,1.2774680812803452
CME,CME Group,Financials,Financial Exchanges & Data,6520600000.0,5613600000.0,4229500000.0,4072200000.0,5834800000.0,173400000.0,198424200000.0,169696000000.0,165359300000.0,160296700000.0,3422300000.0,28728200000.0,0.0,4277100000.0,-83500000.0,4193600000.0,0.0637020603252801,False,0.624513081618256,0.6486366285311168,0.020522698340222613,0.14174922201878293,1.031582683860616,1.031582683860616,,,0.03286191906027591
CMS,CMS Energy,Utilities,Multi-Utilities,8539000000.0,3546000000.0,1727000000.0,1071000000.0,3352000000.0,798000000.0,39941000000.0,30230000000.0,3472000000.0,3548000000.0,18898000000.0,9144000000.0,791000000.0,2235000000.0,-4038000000.0,-1803000000.0,0.1362608117099135,False,0.12542452277784283,0.2022485068509193,0.02681455146340853,0.1171259842519685,0.9785794813979707,0.7556369785794814,2.0667104111986,2.164160401002506,0.2137903407526101
KO,Coca-Cola Company (The),Consumer Staples,Soft Drinks & Non-alcoholic Beverages,47941000000.0,29544000000.0,14911000000.0,13107000000.0,18702000000.0,1654000000.0,104816000000.0,70541000000.0,31044000000.0,21281000000.0,45492000000.0,32169000000.0,4425000000.0,7408000000.0,-2112000000.0,5296000000.0,0.0186991351649986,False,0.2733985523873094,0.31102813875388496,0.1250477026408182,0.4074419472162641,1.4587660354306657,1.2508340773459894,1.4141564860580063,9.015114873035067,0.45738246069302396
CTSH,Cognizant,Information Technology,IT Consulting & Other Services,21108000000.0,7117000000.0,3327000000.0,2230000000.0,4066000000.0,37000000.0,20692000000.0,5677000000.0,7818000000.0,3659000000.0,1152000000.0,15015000000.0,0.0,2883000000.0,-288000000.0,2595000000.0,0.0695176327523307,False,0.105647148000758,0.1576179647527004,0.10777111927314904,0.1485181485181485,2.1366493577480186,2.1366493577480186,0.07672327672327672,89.91891891891892,1.0201043881693408
COHR,Coherent Corp.,Information Technology,Electronic Components,5810115000.0,2043322000.0,534947000.0,49364000.0,891030000.0,243251000.0,14910936000.0,6429653000.0,3927154000.0,1794841000.0,3893658000.0,8127775000.0,1437636000.0,633600000.0,-440836000.0,192764000.0,0.2341758842132273,False,0.008496217372633761,0.09207167155899668,0.0033105902942645584,0.006073494898665379,2.188023340229023,1.3870409690886267,0.4790558301626214,2.199156426900609,0.3896546132315235
COIN,Coinbase,Financials,Financial Exchanges & Data,7181325000.0,5360105000.0,1456145000.0,1260327000.0,1795906000.0,85413000.0,29671832000.0,14878774000.0,20388445000.0,8701282000.0,7831459000.0,14793058000.0,0.0,2426383000.0,,2426383000.0,0.0940424081067295,False,0.1755006214034318,0.20276829136684385,0.04247553706828753,0.08519719181794595,2.3431541467107952,2.3431541467107952,,,0.24202499528846078
CL,Colgate-Palmolive,Consumer Staples,Household Products,20382000000.0,12251000000.0,4233000000.0,2132000000.0,3956000000.0,267000000.0,16330000000.0,15965000000.0,5709000000.0,6853000000.0,8554000000.0,54000000.0,2032000000.0,4198000000.0,-564000000.0,3634000000.0,0.0139794040097507,False,0.10460209989206162,0.20768324992640566,0.13055725658297612,39.48148148148148,0.8330658105939005,0.5365533343061433,158.40740740740742,15.853932584269662,1.248132271892223
CMCSA,Comcast,Communication Services,Cable & Satellite,123707000000.0,88756000000.0,20670000000.0,19998000000.0,46386000000.0,4409000000.0,272631000000.0,175255000000.0,29567000000.0,33524000000.0,98937000000.0,96903000000.0,0.0,33643000000.0,-14408000000.0,19235000000.0,-0.0001939691750652,False,0.16165617143734792,0.16708836201670074,0.07335189321830606,0.20637131977338163,0.8819651592888677,0.8819651592888677,1.0209900622271757,4.688137899750511,0.45375250796864625
FIX,Comfort Systems USA,Industrials,Construction & Engineering,9101641000.0,2195899000.0,1312615000.0,1022558000.0,1442393000.0,6981000.0,6441169000.0,3992395000.0,4110553000.0,3393850000.0,483358000.0,2448774000.0,84066000.0,1186356000.0,-154903000.0,1031453000.0,0.2951507767511408,False,0.11234875117574952,0.1442173999172237,0.15875348092869476,0.4175795724717757,1.2111769818937195,1.186406883038437,0.1973877540352846,188.02678699326745,1.413041794121533
CAG,Conagra Brands,Consumer Staples,Packaged Foods & Meats,11612800000.0,3003500000.0,1466200000.0,1152400000.0,1965600000.0,419200000.0,20933900000.0,12001200000.0,3071000000.0,4317000000.0,8067600000.0,8932700000.0,2048300000.0,1691900000.0,-389300000.0,1302600000.0,-0.0363541312267133,False,0.09923532653623587,0.1262572333976302,0.05504946522148286,0.1290091461708106,0.7113736391012278,0.23690062543432938,0.9031535817837831,3.497614503816794,0.5547365756022528
COP,ConocoPhillips,Energy,Oil & Gas Exploration & Production,58944000000.0,14788000000.0,11342000000.0,7988000000.0,25570000000.0,1233000000.0,121939000000.0,57452000000.0,15532000000.0,11972000000.0,23444000000.0,64487000000.0,1873000000.0,19796000000.0,-12553000000.0,7243000000.0,0.0767010685907388,False,0.1355184581976113,0.19241992399565688,0.06550816391802458,0.12386992727216338,1.297360507851654,1.1409121282993653,0.36354614108269884,9.198702351987023,0.4833892356014073
ED,Consolidated Edison,Utilities,Multi-Utilities,16918000000.0,9009000000.0,3000000000.0,2023000000.0,6151000000.0,1233000000.0,74603000000.0,50413000000.0,6750000000.0,6614000000.0,28376000000.0,24190000000.0,530000000.0,4800000000.0,-4764000000.0,36000000.0,0.1089407446250655,False,0.11957678212554676,0.17732592505024233,0.027116871975657816,0.08362959900785448,1.0205624433020866,0.9404293921983671,1.1730467135179827,2.4330900243309004,0.22677372223637118
STZ,Constellation Brands,Consumer Staples,Distillers & Vintners,9139000000.0,4711500000.0,2863100000.0,1686700000.0,3158100000.0,361600000.0,21900500000.0,13513600000.0,2906300000.0,2689800000.0,11202600000.0,8082400000.0,1433900000.0,2669000000.0,-875000000.0,1794000000.0,-0.1047831751349339,False,0.18456067403435825,0.31328372907320273,0.07701650647245496,0.2086880134613481,1.080489255706744,0.5474012937764889,1.386048698406414,7.917865044247788,0.4172964087577909
CEG,Constellation Energy,Utilities,Electric Utilities,25533000000.0,4693000000.0,4198000000.0,2319000000.0,5959000000.0,511000000.0,57249000000.0,42396000000.0,12119000000.0,7944000000.0,8992000000.0,14517000000.0,1736000000.0,4237000000.0,-2949000000.0,1288000000.0,0.0833757637474541,False,0.0908236399953002,0.16441467904280735,0.04050725776869465,0.15974374870841082,1.52555387713998,1.30702416918429,0.6194117241854378,8.215264187866927,0.445999056752083
COO,Cooper Companies (The),Health Care,Health Care Supplies,4092400000.0,2682100000.0,682900000.0,374900000.0,1043900000.0,100000000.0,12394800000.0,4155700000.0,2106400000.0,1112800000.0,2505300000.0,8238900000.0,846000000.0,796100000.0,-362400000.0,433700000.0,0.0505724700929301,False,0.09160883589091975,0.16687029615873325,0.030246555006938392,0.04550364733156125,1.892882818116463,1.1326383896477354,0.30408185558751777,6.829,0.3301707167521864
CPRT,Copart,Industrials,Diversified Support Services,4646958000.0,2099643000.0,1696714000.0,1552449000.0,1914498000.0,0.0,10090902000.0,883411000.0,5754628000.0,683281000.0,103739000.0,9187033000.0,39661000.0,1799750000.0,-568990000.0,1230760000.0,0.0968024862025154,False,0.33407855203339476,0.36512359268149186,0.15384640540558217,0.16898263019192378,8.422051835189329,8.364006901992006,0.01129189369407947,,0.4605096749527446
GLW,Corning Inc.,Information Technology,Electronic Components,15629000000.0,5621000000.0,2279000000.0,1596000000.0,3735000000.0,336000000.0,30976000000.0,18669000000.0,8936000000.0,5628000000.0,9377000000.0,11807000000.0,3077000000.0,2695000000.0,-1282000000.0,1413000000.0,0.1914163744473243,False,0.10211785782839593,0.1458186704203724,0.05152376033057851,0.13517404929279242,1.587775408670931,1.041044776119403,0.7941898873549589,6.782738095238095,0.5045519111570248
CPAY,Corpay,Financials,Transaction & Payment Processing Services,4528403000.0,3559226000.0,1951847000.0,1069826000.0,2338830000.0,403848000.0,26408135000.0,22179458000.0,13963240000.0,14296677000.0,10001687000.0,3883864000.0,0.0,1499901000.0,-200756000.0,1299145000.0,0.1393386838236607,False,0.23624796644644921,0.43102325477657355,0.040511228831570274,0.2754540323760049,0.9766773076009201,0.9766773076009201,,,0.17147757689060586
CTVA,Corteva,Materials,Fertilizers & Agricultural Chemicals,17401000000.0,8229000000.0,2619000000.0,1094000000.0,3071000000.0,180000000.0,42845000000.0,18459000000.0,17335000000.0,12125000000.0,2580000000.0,24144000000.0,5667000000.0,3406000000.0,-591000000.0,2815000000.0,0.0291577951265673,False,0.0628699500028734,0.1505085914602609,0.025533901272027076,0.045311464546056994,1.4296907216494845,0.9623092783505155,0.10685884691848907,14.55,0.4061384058816665
CSGP,CoStar Group,Real Estate,Real Estate Services,3247000000.0,2561000000.0,-72000000.0,7000000.0,191000000.0,0.0,10538000000.0,2167000000.0,2119000000.0,746000000.0,1184000000.0,8334000000.0,0.0,430000000.0,-389000000.0,41000000.0,0.1867690058479532,False,0.0021558361564521095,-0.02217431475207884,0.0006642626684380338,0.00083993280537557,2.8404825737265416,2.8404825737265416,0.14206863450923926,,0.30812298348832795
COST,Costco,Consumer Staples,Consumer Staples Merchandise Retail,275235000000.0,35349000000.0,10383000000.0,8099000000.0,13398000000.0,154000000.0,77099000000.0,47935000000.0,38380000000.0,37108000000.0,8173000000.0,29164000000.0,18116000000.0,13335000000.0,-5498000000.0,7837000000.0,0.0816732363147614,False,0.029425763438516175,0.03772412665540356,0.10504675806430692,0.27770539020710466,1.0342783227336423,0.5460817074485286,0.2802427650528048,67.42207792207792,3.569890660060442
CRH,CRH plc,Materials,Construction Materials,37447000000.0,13528000000.0,5323000000.0,3730000000.0,7771000000.0,810000000.0,58329000000.0,32851000000.0,15254000000.0,8754000000.0,19705000000.0,24004000000.0,5251000000.0,5625000000.0,-2713000000.0,2912000000.0,0.0527099966265602,False,0.09960744518920074,0.14214756856356983,0.06394760753655986,0.15539076820529912,1.7425177061914554,1.1426776330820196,0.8209048491918014,6.571604938271605,0.6419962625795059
CRWD,CrowdStrike,Information Technology,Systems Software,4812005000.0,3593076000.0,-293292000.0,-162502000.0,182483000.0,28021000.0,11086684000.0,6614079000.0,7419119000.0,4184192000.0,820077000.0,4428390000.0,0.0,1612349000.0,-370859000.0,1241490000.0,0.2171124517657723,False,-0.03377012284899953,-0.06095006135696035,-0.014657403421979015,-0.0366955033319107,1.773130630716755,1.773130630716755,0.18518626408243177,-10.466864137611077,0.4340346491340422
CCI,Crown Castle,Real Estate,Telecom Tower REITs,4264000000.0,3159000000.0,2086000000.0,444000000.0,2750000000.0,941000000.0,31518000000.0,33153000000.0,1144000000.0,4479000000.0,29566000000.0,-1635000000.0,0.0,3057000000.0,-182000000.0,2875000000.0,-0.0439461883408071,True,0.10412757973733583,0.4892120075046904,0.0140871882733676,,0.2554141549453003,0.2554141549453003,,2.2167906482465463,0.13528777206675552
CSX,CSX Corporation,Industrials,Rail Transportation,14092000000.0,4685000000.0,4718000000.0,2889000000.0,6293000000.0,844000000.0,43682000000.0,30522000000.0,2550000000.0,3133000000.0,19352000000.0,13155000000.0,390000000.0,4613000000.0,-2902000000.0,1711000000.0,-0.0308115543328748,False,0.20500993471473175,0.33479988646040304,0.06613708163545626,0.21961231470923603,0.8139163740823492,0.6894350462815193,1.4710756366400608,5.590047393364929,0.3226042763609725
CMI,Cummins,Industrials,Construction Machinery & Heavy Transportation Equipment,33670000000.0,8516000000.0,3865000000.0,2843000000.0,5397000000.0,329000000.0,33992000000.0,20584000000.0,16925000000.0,9610000000.0,8114000000.0,12349000000.0,5822000000.0,3621000000.0,-1235000000.0,2386000000.0,-0.0126678787167908,False,0.08443718443718444,0.1147906147906148,0.08363732642974818,0.2302210705320269,1.7611862643080125,1.1553590010405828,0.6570572515993198,11.74772036474164,0.9905271828665568
CVS,CVS Health,Health Care,Health Care Services,402067000000.0,55362000000.0,10385000000.0,1768000000.0,9861000000.0,3119000000.0,253538000000.0,178156000000.0,74714000000.0,88692000000.0,79950000000.0,75214000000.0,19246000000.0,10639000000.0,-2832000000.0,7807000000.0,0.0784798650247177,False,0.004397277070736966,0.025829028495250792,0.006973313665012739,0.023506262132049885,0.8423984124836513,0.6254002615793983,1.0629670008243146,3.329592818210965,1.585825398954003
DHR,Danaher Corporation,Health Care,Life Sciences Tools & Services,24568000000.0,14523000000.0,4690000000.0,3614000000.0,6945000000.0,265000000.0,83464000000.0,30923000000.0,12756000000.0,6807000000.0,19696000000.0,52534000000.0,2489000000.0,6416000000.0,-1156000000.0,5260000000.0,0.0290261780104712,False,0.14710192119830673,0.19089873005535657,0.043300105434678424,0.06879354322914684,1.873953283384751,1.5083002791244307,0.3749191000114212,17.69811320754717,0.29435445221892076
DRI,Darden Restaurants,Consumer Discretionary,Restaurants,12076700000.0,2642600000.0,1436300000.0,1049600000.0,1881800000.0,178500000.0,12587000000.0,10275700000.0,937700000.0,2247500000.0,6229700000.0,2311300000.0,311600000.0,1698500000.0,-671900000.0,1026600000.0,0.060289727831431,False,0.08691115950549405,0.11893149618687224,0.08338762214983714,0.4541167308441137,0.4172191323692992,0.2785761957730812,2.6953229784104185,8.046498599439776,0.9594581711289426
DDOG,Datadog,Information Technology,Application Software,3427158000.0,2740201000.0,-44373000.0,107741000.0,193836000.0,11059000.0,6643844000.0,2911638000.0,5382280000.0,1591401000.0,1279005000.0,3732206000.0,0.0,1050135000.0,-135418000.0,914717000.0,0.2767536858183308,False,0.03143741840907247,-0.012947462591453327,0.01621666613484603,0.02886791350745377,3.382101682731128,3.382101682731128,0.34269410638105186,-4.012388100189891,0.5158396253735037
DVA,DaVita,Health Care,Health Care Services,13643069000.0,4399593000.0,2010615000.0,746803000.0,2642097000.0,579926000.0,17480103000.0,16321665000.0,4058003000.0,3141634000.0,12874331000.0,-651082000.0,160627000.0,1886500000.0,-575864000.0,1310636000.0,0.0645714776189863,True,0.054738636885879564,0.14737263294644334,0.04272303200959399,,1.2916854732282628,1.240556984040789,,3.4670199301290165,0.7804913392100722
DECK,Deckers Brands,Consumer Discretionary,Footwear,5472296000.0,3157726000.0,1262903000.0,1024071000.0,1404659000.0,2530000.0,3687765000.0,1188127000.0,2850420000.0,804074000.0,375194000.0,2499638000.0,487018000.0,1181955000.0,-84623000.0,1097332000.0,0.097617704707065,False,0.18713735514306976,0.23078119312259424,0.2776942131616304,0.40968772278225885,3.5449722289242036,2.939284195235762,0.15009933438361875,499.1711462450593,1.4839058345637535
DE,Deere & Company,Industrials,Agricultural & Farm Machinery,44665000000.0,16295000000.0,8416000000.0,5027000000.0,11656000000.0,3170000000.0,105996000000.0,79989000000.0,74902000000.0,32455000000.0,64250000000.0,25950000000.0,7508000000.0,7459000000.0,-4228000000.0,3231000000.0,-0.1158596935745674,False,0.11254897570804881,0.18842494122915035,0.04742631797426318,0.19371868978805395,2.307872438761362,2.0765367431828685,2.4759152215799616,2.6548895899053626,0.42138382580474737
DELL,Dell Technologies,Information Technology,"Technology Hardware, Storage & Peripherals",113538000000.0,22707000000.0,8446000000.0,5936000000.0,11852000000.0,1560000000.0,101286000000.0,103756000000.0,57602000000.0,63269000000.0,31503000000.0,-2470000000.0,10437000000.0,11185000000.0,-2633000000.0,8552000000.0,0.1880460828528676,True,0.052282055347108454,0.0743891912839754,0.05860632269020398,,0.9104300684379396,0.7454677646240655,,5.414102564102564,1.1209643978437296
DAL,Delta Air Lines,Industrials,Passenger Airlines,63364000000.0,15312000000.0,5822000000.0,5005000000.0,9307000000.0,679000000.0,81317000000.0,60464000000.0,10968000000.0,27624000000.0,20274000000.0,20853000000.0,1601000000.0,8342000000.0,-4499000000.0,3843000000.0,0.0279188228995993,False,0.07898806893504198,0.09188182564232056,0.06154924554521195,0.24001342732460557,0.3970460469157255,0.33908919779901536,0.9722342109049058,8.574374079528718,0.7792220568884735
DVN,Devon Energy,Energy,Oil & Gas Exploration & Production,17188000000.0,4391000000.0,3856000000.0,2642000000.0,7558000000.0,497000000.0,31599000000.0,16071000000.0,4006000000.0,4086000000.0,8586000000.0,15528000000.0,336000000.0,6711000000.0,-3914000000.0,2797000000.0,0.0782936010037641,False,0.15371189201768676,0.22434256457993948,0.08361024083040602,0.17014425553838228,0.9804209495839452,0.8981889378365149,0.5529366306027821,7.758551307847083,0.5439412639640495
DXCM,Dexcom,Health Care,Health Care Equipment,4662000000.0,2801900000.0,911800000.0,836300000.0,1358500000.0,18300000.0,6339900000.0,3593900000.0,4033300000.0,2142500000.0,1389700000.0,2746000000.0,629100000.0,1440700000.0,-363500000.0,1077200000.0,0.1559633027522936,False,0.17938652938652938,0.19558129558129558,0.13191059795895835,0.3045520757465404,1.8825204200700116,1.5888914819136524,0.506081573197378,49.82513661202186,0.7353428287512421
FANG,Diamondback Energy,Energy,Oil & Gas Exploration & Production,14929000000.0,5221000000.0,4918000000.0,1664000000.0,7177000000.0,265000000.0,71059000000.0,28092000000.0,1915000000.0,4600000000.0,14879000000.0,36972000000.0,86000000.0,8758000000.0,-9461000000.0,-703000000.0,0.3543499954640297,False,0.11146091499765556,0.3294259494942729,0.02341716038784672,0.0450070323488045,0.41630434782608694,0.39760869565217394,0.4024396840852537,18.558490566037737,0.21009302129216567
DLR,Digital Realty,Real Estate,Data Center REITs,6112692000.0,3385955000.0,922135000.0,1308589000.0,3677788000.0,437947000.0,49410468000.0,24564494000.0,5160368000.0,4683508000.0,19655352000.0,22925663000.0,0.0,2412136000.0,,2412136000.0,0.1004009384032455,False,0.21407736558622617,0.15085579315954412,0.026484043826502515,0.05707965784893549,1.1018168432721798,1.1018168432721798,0.8573515191250958,2.1055858357289807,0.12371248942632966
DG,Dollar General,Consumer Staples,Consumer Staples Merchandise Retail,42724369000.0,13099689000.0,2203668000.0,1512311000.0,3241477000.0,230567000.0,30963730000.0,22451768000.0,7897803000.0,6961135000.0,15718656000.0,8511962000.0,6331861000.0,3634500000.0,-1241162000.0,2393338000.0,0.0520054413061183,False,0.03539691832546433,0.05157871377807827,0.04884137020959684,0.17766890876627503,1.1345567928218603,0.22495498219758703,1.8466548605362665,9.557603646662358,1.3798198408266704
DLTR,Dollar Tree,Consumer Staples,Consumer Staples Merchandise Retail,19411800000.0,7066800000.0,1653100000.0,1282500000.0,2363100000.0,85500000.0,13466200000.0,9711300000.0,3446200000.0,3228600000.0,7055600000.0,3754900000.0,2495400000.0,2534000000.0,-1134000000.0,1400000000.0,0.1042921751002645,False,0.06606806169443329,0.08515954213416582,0.09523844885713861,0.3415537031612027,1.0673976336492597,0.29449296908876915,1.879038056938933,19.334502923976608,1.441520250701757
D,Dominion Energy,Utilities,Multi-Utilities,16506000000.0,8091000000.0,4931000000.0,2998000000.0,8317000000.0,2022000000.0,115857000000.0,82440000000.0,8071000000.0,10444000000.0,48941000000.0,29083000000.0,1957000000.0,5361000000.0,-12641000000.0,-7280000000.0,0.1415727228715678,False,0.18163092208893736,0.2987398521749667,0.025876727344916577,0.1030842760375477,0.7727882037533512,0.585407889697434,1.682804387442836,2.4386745796241347,0.14246873300706905
DPZ,Domino's,Consumer Discretionary,Restaurants,4939994000.0,1973560000.0,949946000.0,601704000.0,1055137000.0,195972000.0,1716459000.0,5617601000.0,894201000.0,541621000.0,5048284000.0,-3901142000.0,79189000.0,792062000.0,-120558000.0,671504000.0,0.049629696992361,True,0.12180257708815032,0.1922969946927061,0.3505495907563187,,1.6509718050075606,1.5047644016757105,,4.8473557446982225,2.8780145637035317
DASH,DoorDash,Consumer Discretionary,Specialized Consumer Services,13717000000.0,6979000000.0,725000000.0,935000000.0,1472000000.0,0.0,19659000000.0,9613000000.0,8643000000.0,6147000000.0,3290000000.0,10033000000.0,0.0,2431000000.0,-605000000.0,1826000000.0,0.2793322141391531,False,0.0681635926222935,0.052854122621564484,0.047560913576478965,0.09319246486594239,1.4060517325524646,1.4060517325524646,0.3279178710256155,,0.6977465791749325
DOV,Dover Corporation,Industrials,Industrial Machinery & Supplies & Components,8092571000.0,3218169000.0,1373361000.0,1093956000.0,1863601000.0,109772000.0,13422423000.0,6017217000.0,4506940000.0,2518489000.0,3574803000.0,7405206000.0,1272784000.0,1333575000.0,-220263000.0,1113312000.0,0.044754205090713,False,0.13518027830710413,0.16970638873603952,0.08150212521241508,0.14772796327340523,1.7895412685939862,1.2841652276424476,0.48274187105665933,12.511031957147543,0.602914317333018
DOW,Dow Inc.,Materials,Commodity Chemicals,39968000000.0,2533000000.0,158000000.0,-2623000000.0,1188000000.0,865000000.0,58538000000.0,41016000000.0,18062000000.0,9183000000.0,19598000000.0,16008000000.0,6595000000.0,1032000000.0,-2479000000.0,-1447000000.0,-0.0697327995531142,False,-0.06562750200160128,0.003953162530024019,-0.044808500461238854,-0.16385557221389305,1.966895350103452,1.2487204617227485,1.224262868565717,0.18265895953757225,0.6827701663876456
DHI,D. R. Horton,Consumer Discretionary,Homebuilding,34250400000.0,8116200000.0,4424200000.0,3585200000.0,4525500000.0,0.0,35471200000.0,10729000000.0,34142700000.0,1962900000.0,6031100000.0,24190400000.0,25287300000.0,3420900000.0,-137400000.0,3283500000.0,-0.0693180150755134,False,0.10467614976759396,0.12917221404713522,0.10107354699023433,0.14820755340961703,17.394008864435275,4.511386214274798,0.2493179112375157,,0.9655833464895465
DTE,DTE Energy,Utilities,Multi-Utilities,15814000000.0,4793000000.0,2528000000.0,1462000000.0,4447000000.0,1056000000.0,54066000000.0,41758000000.0,4348000000.0,5409000000.0,26290000000.0,12303000000.0,1375000000.0,3409000000.0,-4429000000.0,-1020000000.0,0.2694870354017821,False,0.09244972808903504,0.15985835335778426,0.02704102393371065,0.11883280500690889,0.8038454427805509,0.5496394897393233,2.1368771844265626,2.393939393939394,0.292494358746717
DUK,Duke Energy,Utilities,Electric Utilities,32237000000.0,16498000000.0,8577000000.0,4968000000.0,17050000000.0,3634000000.0,195736000000.0,142717000000.0,11613000000.0,21047000000.0,90869000000.0,51842000000.0,4569000000.0,12330000000.0,-14024000000.0,-1694000000.0,0.0619297031986032,False,0.15410863293730806,0.2660607376616931,0.0253811255977439,0.09582963620230701,0.5517650971634912,0.3346795267734119,1.7528066046834614,2.36020913593836,0.1646963256631381
DD,DuPont,Materials,Specialty Chemicals,6849000000.0,2363000000.0,860000000.0,-779000000.0,1160000000.0,313000000.0,21575000000.0,7472000000.0,5575000000.0,2305000000.0,3194000000.0,13919000000.0,1172000000.0,560000000.0,-388000000.0,172000000.0,0.019348117279357,False,-0.11373923200467222,0.12556577602569718,-0.03610660486674391,-0.05596666427185861,2.418655097613883,1.9101952277657266,0.2294705079387887,2.747603833865815,0.3174507531865585
ETN,Eaton Corporation,Industrials,Electrical Components & Equipment,27448000000.0,10317000000.0,5209000000.0,4087000000.0,6179000000.0,241000000.0,41251000000.0,21782000000.0,12355000000.0,9370000000.0,10532000000.0,19425000000.0,4721000000.0,4472000000.0,-919000000.0,3553000000.0,0.1033041241257335,False,0.1488997376858059,0.18977703293500436,0.0990763860270054,0.2103989703989704,1.3185699039487726,0.8147278548559231,0.5421879021879021,21.61410788381743,0.6653899299410924
EBAY,eBay Inc.,Consumer Discretionary,Broadline Retail,11100000000.0,7931000000.0,2277000000.0,2031000000.0,2960000000.0,246000000.0,17610000000.0,12995000000.0,5086000000.0,4637000000.0,7180000000.0,4615000000.0,0.0,1959000000.0,-525000000.0,1434000000.0,0.079451521929398,False,0.18297297297297296,0.20513513513513512,0.11533219761499149,0.4400866738894908,1.096829846883761,1.096829846883761,1.5557963163596966,9.25609756097561,0.6303236797274276
SATS,EchoStar,Communication Services,Wireless Telecommunication Services,15004989000.0,3874667000.0,-91135000.0,-14497180000.0,-15786052000.0,1521713000.0,43016355000.0,37204357000.0,5133171000.0,12363419000.0,30117140000.0,5765784000.0,380647000.0,-99374000.0,-1642041000.0,-1741415000.0,-0.0518483567929159,False,-0.966157322741123,-0.0060736465718168806,-0.33701553746243723,-2.514346704628547,0.4151902479403149,0.3844020816571856,5.223424949668597,-0.05988974267815284,0.3488205590641048
ECL,Ecolab,Materials,Specialty Chemicals,16081200000.0,7150400000.0,2892500000.0,2075600000.0,3830500000.0,306200000.0,24696300000.0,14891800000.0,5955600000.0,5534700000.0,8997500000.0,9770800000.0,1490400000.0,2952600000.0,-1048300000.0,1904300000.0,0.0215863900288411,False,0.12906996990274358,0.17986841777976767,0.08404497839757373,0.2124288696933721,1.0760474822483603,0.8067645942869532,0.9208560199778933,9.44644023514043,0.651158270672125
EIX,Edison International,Utilities,Electric Utilities,19317000000.0,9286000000.0,5240000000.0,4701000000.0,10768000000.0,1539000000.0,94026000000.0,74767000000.0,7686000000.0,10536000000.0,41549000000.0,17579000000.0,535000000.0,5800000000.0,-6515000000.0,-715000000.0,0.0976191829081197,False,0.24336077030594813,0.27126365377646633,0.049996809393146574,0.26742135502588316,0.729498861047836,0.6787205770690964,2.3635587917401444,3.4048083170890187,0.20544317529194053
EW,Edwards Lifesciences,Health Care,Health Care Equipment,6067600000.0,4733400000.0,1636200000.0,1073500000.0,1449900000.0,20400000.0,13697200000.0,3359600000.0,6738900000.0,1813700000.0,705400000.0,10337600000.0,1126200000.0,1595200000.0,-260200000.0,1335000000.0,0.1154701718907987,False,0.17692333047662998,0.2696618102709473,0.07837368221242298,0.10384421916112056,3.7155538402161326,3.0946132215912225,0.06823634112366507,80.20588235294117,0.4429810472213299
EA,Electronic Arts,Communication Services,Interactive Home Entertainment,7531000000.0,5947000000.0,1162000000.0,887000000.0,1556000000.0,53000000.0,13131000000.0,6367000000.0,3973000000.0,3797000000.0,1548000000.0,6764000000.0,0.0,2553000000.0,-230000000.0,2323000000.0,0.0091116173120728,False,0.11777984331430089,0.15429557827645732,0.06755007234787906,0.13113542282672974,1.0463523834606268,1.0463523834606268,0.22885866351271436,21.92452830188679,0.5735282918284974
ELV,Elevance Health,Health Care,Managed Health Care,199125000000.0,,,5662000000.0,,1402000000.0,121494000000.0,77468000000.0,,,32046000000.0,43882000000.0,0.0,4290000000.0,-1116000000.0,3174000000.0,0.1262089248345682,False,0.028434400502197112,,0.04660312443412844,0.1290278474089604,,,0.7302766510186409,,1.6389698256704035
EME,Emcor,Industrials,Construction & Engineering,16986422000.0,3282988000.0,1568542000.0,1272817000.0,1920064000.0,12020000.0,9291399000.0,5616418000.0,5937345000.0,4864940000.0,468209000.0,3673944000.0,126252000.0,1302063000.0,-112750000.0,1189313000.0,0.1661600113578664,False,0.07493143641433139,0.09234092971433301,0.13698873549612928,0.34644431161716127,1.2204354010532503,1.1944840018581935,0.12744042914099943,130.49434276206324,1.828187768063776
EMR,Emerson Electric,Industrials,Electrical Components & Equipment,18016000000.0,9519000000.0,3532000000.0,2293000000.0,4839000000.0,387000000.0,41964000000.0,21666000000.0,8583000000.0,9797000000.0,13759000000.0,20282000000.0,2213000000.0,3098000000.0,-431000000.0,2667000000.0,0.0299565515664303,False,0.12727575488454707,0.19604795737122557,0.05464207415880278,0.1130559116457943,0.8760845156680617,0.6501990405226089,0.6783847746770535,9.126614987080103,0.42932036984081595
ETR,Entergy,Utilities,Electric Utilities,12946686000.0,6177759000.0,3215073000.0,1773328000.0,6145069000.0,1336651000.0,71890730000.0,54876563000.0,5806851000.0,7822968000.0,30934935000.0,16958076000.0,1842369000.0,5150651000.0,-7941351000.0,-2790700000.0,0.0898202161292084,False,0.13697157712792293,0.2483317352409721,0.024666991140582382,0.10457129688533062,0.7422823409222689,0.5067746665971279,1.8242007524910255,2.4053197132235713,0.1800883924812003
EOG,EOG Resources,Energy,Oil & Gas Exploration & Production,22582000000.0,14312000000.0,7250000000.0,4980000000.0,11058000000.0,235000000.0,51799000000.0,21966000000.0,7656000000.0,4691000000.0,8408000000.0,29833000000.0,1014000000.0,10044000000.0,-6594000000.0,3450000000.0,-0.0340491059970912,False,0.2205296253653352,0.32105216544150206,0.0961408521400027,0.16692923943284282,1.6320613941590278,1.415902792581539,0.2818355512352093,30.851063829787233,0.4359543620533215
EQT,EQT Corporation,Energy,Oil & Gas Exploration & Production,8353217000.0,3832041000.0,3014406000.0,2039247000.0,6016627000.0,438695000.0,41792874000.0,14432726000.0,1895151000.0,2484841000.0,7858452000.0,23752677000.0,0.0,5125952000.0,-2288425000.0,2837527000.0,0.5995614485258298,False,0.24412714287202164,0.36086767529204616,0.04879413174600053,0.08585335455031026,0.7626850168682825,0.7626850168682825,0.33084489802980943,6.871302385484221,0.19987180111135694
EFX,Equifax,Industrials,Research & Consulting Services,6074500000.0,3428900000.0,1095200000.0,660300000.0,1834100000.0,212300000.0,11864200000.0,7126000000.0,1412200000.0,2335400000.0,5093300000.0,4604300000.0,0.0,1615700000.0,-481400000.0,1134300000.0,0.069247152840119,False,0.10870030455181497,0.1802946744588032,0.05565482712698707,0.14340942162760897,0.604692986212212,0.604692986212212,1.1062050691744674,5.1587376354215735,0.5120024949006254
EQIX,Equinix,Real Estate,Data Center REITs,9217000000.0,4709000000.0,1966000000.0,1350000000.0,4101000000.0,527000000.0,40141000000.0,25963000000.0,5125000000.0,3893000000.0,22726000000.0,14156000000.0,0.0,3911000000.0,-4311000000.0,-400000000.0,0.0536122542295381,False,0.1464684821525442,0.2133015080828903,0.033631449141775245,0.09536592257699915,1.3164654508091447,1.3164654508091447,1.6053970048036168,3.730550284629981,0.22961560499240177
EQR,Equity Residential,Real Estate,Multi-Family Residential REITs,3093959000.0,1945432000.0,869752000.0,1120089000.0,2502562000.0,306798000.0,20746023000.0,9336889000.0,158854000.0,1037181000.0,8479585000.0,11041499000.0,0.0,1648763000.0,-359059000.0,1289704000.0,0.0382036489952713,False,0.362024512929874,0.2811129688531748,0.05399054074123026,0.10144356305244424,0.15315938105306595,0.15315938105306595,0.767974076708244,2.8349337349004884,0.14913504144866704
ERIE,Erie Indemnity,Financials,Insurance Brokers,4148570000.0,,,559335000.0,,0.0,3355481000.0,1072107000.0,,,,2283374000.0,0.0,686657000.0,-115692000.0,570965000.0,0.0740901262529761,False,0.13482597617974387,,0.16669294208490526,0.24495987078770276,,,,,1.2363562779822028
ESS,Essex Property Trust,Real Estate,Multi-Family Residential REITs,1887345000.0,1279307000.0,601913000.0,669666000.0,1568719000.0,258404000.0,13159009000.0,7422114000.0,325247000.0,419792000.0,6851756000.0,5541372000.0,0.0,1074423000.0,-140348000.0,934075000.0,0.0636225309250753,False,0.35481907123498885,0.31892049413329304,0.05089030640529237,0.12084841082677719,0.774781320272897,0.774781320272897,1.2364728446312574,2.3293486168944755,0.14342607410634037
EL,Estée Lauder Companies (The),Consumer Staples,Personal Care Products,14326000000.0,10597000000.0,1141000000.0,-1133000000.0,146000000.0,357000000.0,19892000000.0,16027000000.0,7069000000.0,5435000000.0,9467000000.0,3865000000.0,2074000000.0,1272000000.0,-602000000.0,670000000.0,-0.0821373654536135,False,-0.07908697473125785,0.07964539997207874,-0.05695757088276694,-0.293143596377749,1.3006439742410303,0.9190432382704692,2.449417852522639,3.196078431372549,0.720189020711844
EG,Everest Group,Financials,Reinsurance,17218000000.0,,,1591000000.0,,151000000.0,62514000000.0,47054000000.0,,,3589000000.0,15460000000.0,0.0,3068000000.0,,3068000000.0,0.0083157648161161,False,0.09240329887327216,,0.02545029913299421,0.10291073738680466,,,,,0.27542630450779026
EVRG,Evergy,Utilities,Electric Utilities,5961600000.0,3115900000.0,1532900000.0,855600000.0,2725400000.0,616300000.0,33948500000.0,23680700000.0,1815800000.0,3695900000.0,15202200000.0,10221300000.0,828900000.0,2045200000.0,-2796900000.0,-751700000.0,0.0195474834539018,False,0.14351851851851852,0.25712895866881375,0.02520288083420475,0.08370755187696281,0.49130117156849484,0.26702562298763494,1.4873059199906078,2.4872626967386013,0.17560716968349116
ES,Eversource Energy,Utilities,Electric Utilities,13547244000.0,11473466000.0,2988589000.0,1692372000.0,5487930000.0,1243266000.0,63786711000.0,47433872000.0,5077186000.0,7808512000.0,30114898000.0,16197271000.0,491600000.0,4113572000.0,-4158669000.0,-45097000.0,0.138346477117648,False,0.12492371142056642,0.2206049437066314,0.026531733232020696,0.10448500861657498,0.6502117176742509,0.5872547804242345,1.8592575255424202,2.4038210648405087,0.21238348533129417
EXC,Exelon,Utilities,Electric Utilities,24258000000.0,10414000000.0,5145000000.0,2768000000.0,9058000000.0,2127000000.0,116570000000.0,87772000000.0,9546000000.0,10331000000.0,50080000000.0,28798000000.0,868000000.0,6254000000.0,-8529000000.0,-2275000000.0,0.0534132360604481,False,0.11410668645395333,0.2120949789760079,0.02374538903663035,0.09611778595735815,0.9240151001839125,0.8399961281579712,1.739009653448156,2.4188998589562765,0.20809813845757913
EXE,Expand Energy,Energy,Oil & Gas Exploration & Production,12189000000.0,6198000000.0,2771000000.0,1819000000.0,5497000000.0,235000000.0,28287000000.0,9709000000.0,2916000000.0,2901000000.0,5060000000.0,18578000000.0,0.0,4575000000.0,-2931000000.0,1644000000.0,1.8877043354655296,False,0.1492329149232915,0.22733612273361228,0.06430515784636053,0.09791150823554742,1.0051706308169597,1.0051706308169597,0.27236516309613523,11.791489361702128,0.4309046558489766
EXPE,Expedia Group,Consumer Discretionary,"Hotels, Resorts & Cruise Lines",14733000000.0,13277000000.0,2163000000.0,1294000000.0,2777000000.0,299000000.0,24452000000.0,21905000000.0,12199000000.0,16657000000.0,6415000000.0,1284000000.0,0.0,3880000000.0,-770000000.0,3110000000.0,0.0761083923745526,False,0.08783004140365167,0.14681327631846874,0.05292000654343203,1.0077881619937694,0.7323647715675091,0.7323647715675091,4.996105919003115,7.234113712374582,0.602527400621626
EXPD,Expeditors International,Industrials,Air Freight & Logistics,11069009000.0,1430336000.0,1052546000.0,810332000.0,1109315000.0,0.0,4893638000.0,2535545000.0,3755622000.0,2072807000.0,570589000.0,2355633000.0,0.0,1006501000.0,-53101000.0,953400000.0,0.0441953999404745,False,0.0732072762792044,0.09508945200062625,0.16558887273639775,0.3439975581934877,1.8118532019623632,1.8118532019623632,0.24222321558578946,,2.2619182293418514
EXR,Extra Space Storage,Real Estate,Self-Storage REITs,3377542000.0,2390521000.0,1489001000.0,973999000.0,2414406000.0,635132000.0,29264046000.0,14940010000.0,1894482000.0,1655284000.0,13991757000.0,13433166000.0,0.0,1850193000.0,-21139000.0,1829054000.0,0.0370413356005185,False,0.2883750964458769,0.44085343720374165,0.033283128382179276,0.07250703222159244,1.1445057162396302,1.1445057162396302,1.041582974557152,2.344396125529811,0.11541609796540096
XOM,ExxonMobil,Energy,Integrated Oil & Gas,323905000000.0,71240000000.0,33938000000.0,28844000000.0,67864000000.0,603000000.0,448980000000.0,182354000000.0,83382000000.0,72330000000.0,43537000000.0,259386000000.0,26302000000.0,51970000000.0,-28358000000.0,23612000000.0,-0.0452236865764472,False,0.08905080193266544,0.10477763541779225,0.06424339614236714,0.11120106713546606,1.1527996681874741,0.7891607908198535,0.16784637567177874,56.281923714759536,0.7214241168871665
FFIV,"F5, Inc.",Information Technology,Communications Equipment,3088072000.0,2514094000.0,791433000.0,692380000.0,883832000.0,0.0,6319492000.0,2727493000.0,2518701000.0,1612581000.0,261791000.0,3591999000.0,77229000.0,949666000.0,-43260000.0,906406000.0,0.0965697484482195,False,0.22421109352372612,0.2562870943423599,0.10956260408273323,0.19275617838423675,1.5619066577120777,1.5140151099386636,0.07288170180448268,,0.4886582655694477
FDS,FactSet,Financials,Financial Exchanges & Data,2321748000.0,1223966000.0,748303000.0,597040000.0,965955000.0,56324000.0,4304272000.0,2117859000.0,729759000.0,521306000.0,1558509000.0,2186413000.0,0.0,726260000.0,-108806000.0,617454000.0,0.0538760703313942,False,0.2571510775501906,0.3223015589977896,0.13870870614124758,0.27306826294940617,1.3998668728155823,1.3998668728155823,,,0.5394055022545043
FICO,Fair Isaac,Information Technology,Application Software,1990869000.0,1637147000.0,935772000.0,651946000.0,951194000.0,133647000.0,1868133000.0,3613917000.0,705165000.0,849215000.0,3074878000.0,-1745784000.0,0.0,778807000.0,-39407000.0,739400000.0,0.1591492646981763,True,0.3274680554069605,0.47003193077997596,0.3489826473811019,,0.8303727560158499,0.8303727560158499,,7.00181822263126,1.0656998190171685
FAST,Fastenal,Industrials,Trading Companies & Distributors,8200500000.0,3691200000.0,1655700000.0,1258400000.0,1840400000.0,6200000.0,5052900000.0,1109300000.0,3472100000.0,715600000.0,441900000.0,3943600000.0,1748000000.0,1295900000.0,-245300000.0,1050600000.0,0.086734693877551,False,0.15345405767940978,0.2019023230290836,0.24904510281224643,0.3190993001318592,4.852012297372834,2.4093068753493574,0.11205497514960949,267.0483870967742,1.6229294068752598
FRT,Federal Realty Investment Trust,Real Estate,Retail REITs,1278975000.0,860092000.0,459513000.0,411077000.0,975104000.0,183614000.0,9130460000.0,5629819000.0,366261000.0,351018000.0,5028307000.0,3248731000.0,0.0,622378000.0,-291338000.0,331040000.0,0.0636391307095834,False,0.3214112863816728,0.3592822377294318,0.04502259469950035,0.1265346376785274,1.0434251234979404,1.0434251234979404,1.5477757315087028,2.5026032873310315,0.14007782740409574
FDX,FedEx,Industrials,Air Freight & Logistics,87926000000.0,18995000000.0,5994000000.0,4092000000.0,10494000000.0,789000000.0,87627000000.0,59553000000.0,18386000000.0,15411000000.0,37416000000.0,28074000000.0,602000000.0,7036000000.0,-4055000000.0,2981000000.0,0.0026569965675709,False,0.04653913518185747,0.06817096194527215,0.046697935567804445,0.14575764052147894,1.193043929660632,1.1539809227175395,1.3327634109852533,7.596958174904943,1.0034121903066406
FDXF,FedEx Freight,Industrials,Cargo Ground Transportation,8887000000.0,2767000000.0,1339000000.0,1079000000.0,1755000000.0,0.0,6201000000.0,2468000000.0,1345000000.0,766000000.0,1436000000.0,3733000000.0,21000000.0,1531000000.0,-437000000.0,1094000000.0,-0.0569821731748726,False,0.12141330032631935,0.1506695172724204,0.1740041928721174,0.28904366461291187,1.7558746736292428,1.7284595300261096,0.38467720332172517,,1.4331559425899048
FIS,Fidelity National Information Services,Financials,Transaction & Payment Processing Services,10677000000.0,3936000000.0,1759000000.0,382000000.0,3450000000.0,391000000.0,33488000000.0,19586000000.0,4488000000.0,7616000000.0,13331000000.0,13899000000.0,0.0,2816000000.0,-989000000.0,1827000000.0,0.0543102597017873,False,0.035777840217289504,0.16474665168118385,0.011407071189679886,0.027483991654075834,0.5892857142857143,0.5892857142857143,,,0.31883062589584327
FITB,Fifth Third Bancorp,Financials,Regional Banks,8821000000.0,,,2522000000.0,,3921000000.0,214376000000.0,192652000000.0,,,13959000000.0,21724000000.0,0.0,4514000000.0,-709000000.0,3805000000.0,0.0661107082426879,False,0.28590862713978005,,0.011764376609321938,0.1160928005892101,,,,,0.0411473299249916
FSLR,First Solar,Information Technology,Semiconductors,5219376000.0,2120339000.0,1596864000.0,1528229000.0,2154260000.0,44131000.0,13321310000.0,3783317000.0,6028832000.0,2254102000.0,655335000.0,9537993000.0,1072928000.0,2057105000.0,-869875000.0,1187230000.0,0.2408505454570525,False,0.2927991775262024,0.30594921691788446,0.11472062432298324,0.1602254268796381,2.6746047871835437,2.198615679325958,0.06870785080257451,36.18463211801228,0.39180651152176477
FE,FirstEnergy,Utilities,Electric Utilities,15090000000.0,9855000000.0,2833000000.0,1020000000.0,4255000000.0,1032000000.0,55904000000.0,41978000000.0,2979000000.0,5271000000.0,26556000000.0,12510000000.0,577000000.0,3700000000.0,-4705000000.0,-1005000000.0,0.1201009501187648,False,0.06759443339960239,0.187740225314778,0.01824556382369777,0.0815347721822542,0.5651678998292544,0.4557010055018023,2.1227817745803357,2.74515503875969,0.26992701774470523
FISV,Fiserv,Financials,Transaction & Payment Processing Services,21193000000.0,12581000000.0,5698000000.0,3480000000.0,8956000000.0,1531000000.0,80133000000.0,54324000000.0,24654000000.0,23890000000.0,29123000000.0,25792000000.0,0.0,6062000000.0,-1763000000.0,4299000000.0,0.0360285490809542,False,0.16420516208181946,0.268862360213278,0.04342780128037138,0.1349255583126551,1.03197990791126,1.03197990791126,,,0.26447281394681343
F,Ford Motor Company,Consumer Discretionary,Automobile Manufacturers,187267000000.0,1680000000.0,-9169000000.0,-8182000000.0,3638000000.0,1333000000.0,289160000000.0,253180000000.0,123487000000.0,114890000000.0,165738000000.0,35952000000.0,15285000000.0,21282000000.0,-8815000000.0,12467000000.0,0.0122978290953122,False,-0.043691627462393266,-0.04896217699861695,-0.02829575321621248,-0.2275812194036493,1.0748280964400732,0.9417877970232397,4.6099799732977305,-6.878469617404351,0.6476241527182183
FTNT,Fortinet,Information Technology,Systems Software,6799600000.0,5470700000.0,2084700000.0,1853400000.0,2454300000.0,20100000.0,10389200000.0,9151700000.0,5900200000.0,5034000000.0,996300000.0,1237500000.0,399500000.0,2590600000.0,-364800000.0,2225800000.0,0.1416770207192988,False,0.27257485734454967,0.3065915642096594,0.1783967966734686,1.4976969696969697,1.1720699245133095,1.092709574890743,0.8050909090909091,103.71641791044776,0.6544873522504139
FTV,Fortive,Industrials,Industrial Machinery & Supplies & Components,4159100000.0,2641100000.0,720200000.0,579200000.0,1160300000.0,120500000.0,11737700000.0,5276600000.0,1605700000.0,2246600000.0,3306600000.0,6453400000.0,291800000.0,1083200000.0,,1083200000.0,0.0191624396579185,False,0.13926089779038733,0.1731624630328677,0.04934527207204137,0.08975113893451514,0.714724472536277,0.5848393127392504,0.5123810704434871,5.9767634854771785,0.3543368803087487
FOXA,Fox Corporation (Class A),Communication Services,Broadcasting,16300000000.0,,3229000000.0,2263000000.0,3849000000.0,403000000.0,23195000000.0,10840000000.0,8429000000.0,2897000000.0,7465000000.0,11962000000.0,432000000.0,3324000000.0,-331000000.0,2993000000.0,0.1659513590844063,False,0.13883435582822085,0.19809815950920245,0.09756413020047423,0.18918241096806554,2.9095616154642734,2.7604418363824648,0.6240595218190937,8.012406947890819,0.702737658978228
FOX,Fox Corporation (Class B),Communication Services,Broadcasting,16300000000.0,,3229000000.0,2263000000.0,3849000000.0,403000000.0,23195000000.0,10840000000.0,8429000000.0,2897000000.0,7465000000.0,11962000000.0,432000000.0,3324000000.0,-331000000.0,2993000000.0,0.1659513590844063,False,0.13883435582822085,0.19809815950920245,0.09756413020047423,0.18918241096806554,2.9095616154642734,2.7604418363824648,0.6240595218190937,8.012406947890819,0.702737658978228
BEN,Franklin Resources,Financials,Asset Management & Custody Banks,8770700000.0,7046700000.0,1099800000.0,524900000.0,1413500000.0,94900000.0,32368300000.0,18179500000.0,5115600000.0,1885900000.0,13299900000.0,12077800000.0,0.0,1066100000.0,-154500000.0,911600000.0,0.0345246520405756,False,0.05984699054807484,0.1253947803482048,0.016216483411238772,0.04345990163771548,2.7125510366403307,2.7125510366403307,,,0.27096572881492076
FCX,Freeport-McMoRan,Materials,Copper,25915000000.0,7297000000.0,6502000000.0,2204000000.0,8985000000.0,369000000.0,58167000000.0,27401000000.0,13790000000.0,6019000000.0,10492000000.0,18899000000.0,7493000000.0,5610000000.0,-4494000000.0,1116000000.0,0.0180711058731094,False,0.08504726992089523,0.2508971638047463,0.037890900338680006,0.11661992698026351,2.291078252201362,1.046187074264828,0.5551616487644849,17.62059620596206,0.4455275327935084
GRMN,Garmin,Consumer Discretionary,Consumer Electronics,7245519000.0,4256303000.0,1876076000.0,1663887000.0,2064835000.0,0.0,10993669000.0,2021105000.0,6248216000.0,1720071000.0,164835000.0,8972564000.0,1772257000.0,1633359000.0,-270446000.0,1362913000.0,0.1506480249100232,False,0.2296435907489857,0.25892913951367735,0.15134956309854336,0.18544164187627973,3.6325337733151715,2.6021943280248316,0.018371002981979287,,0.6590628660913841
IT,Gartner,Information Technology,IT Consulting & Other Services,6497226000.0,4443651000.0,1175711000.0,729231000.0,1293704000.0,125277000.0,8085400000.0,7765492000.0,4066337000.0,4072092000.0,3347950000.0,319908000.0,0.0,1290365000.0,-115142000.0,1175223000.0,0.0366682510529467,False,0.11223728403475576,0.18095584177001078,0.0901910851658545,2.279502231891669,0.9985867215180797,0.9985867215180797,10.465352538854921,9.384891081363698,0.8035750859574047
GE,GE Aerospace,Industrials,Aerospace & Defense,45855000000.0,14438000000.0,8680000000.0,8704000000.0,12063000000.0,843000000.0,130169000000.0,111271000000.0,40595000000.0,38981000000.0,20495000000.0,18677000000.0,11868000000.0,8537000000.0,-1273000000.0,7264000000.0,0.1848224897938091,False,0.1898157234761749,0.18929233453276634,0.06686691915893954,0.4660277346468919,1.0414047869474872,0.7369487699135476,1.09733897306848,10.29655990510083,0.35227281457182585
GEHC,GE HealthCare,Health Care,Health Care Equipment,20625000000.0,8247000000.0,2762000000.0,2084000000.0,3786000000.0,440000000.0,36906000000.0,26307000000.0,12501000000.0,9105000000.0,10463000000.0,10379000000.0,2234000000.0,1987000000.0,-482000000.0,1505000000.0,0.0484444896299308,False,0.10104242424242424,0.13391515151515151,0.05646778301631171,0.2007900568455535,1.3729818780889622,1.127622185612301,1.0080932652471337,6.277272727272727,0.5588522191513575
GEV,GE Vernova,Industrials,Heavy Electrical Equipment,38068000000.0,7535000000.0,1389000000.0,4884000000.0,2242000000.0,0.0,63016000000.0,50720000000.0,40216000000.0,40972000000.0,1172000000.0,11178000000.0,9644000000.0,4987000000.0,-1277000000.0,3710000000.0,0.0896808358379848,False,0.1282967321634969,0.0364873384469896,0.07750412593627015,0.4369296833064949,0.9815483744996583,0.7461681148101142,0.10484881016281983,,0.6041005458931065
GEN,Gen Digital,Information Technology,Systems Software,5000000000.0,3923000000.0,2155000000.0,973000000.0,2573000000.0,569000000.0,15589000000.0,12978000000.0,1081000000.0,2710000000.0,8260000000.0,2611000000.0,0.0,1545000000.0,-22000000.0,1523000000.0,0.2706480304955527,False,0.1946,0.431,0.06241580601706331,0.3726541554959786,0.3988929889298893,0.3988929889298893,3.163538873994638,3.787346221441125,0.32073898261594713
GNRC,Generac,Industrials,Electrical Components & Equipment,4209147000.0,1611737000.0,289191000.0,159554000.0,464592000.0,70697000.0,5573679000.0,2934633000.0,2462478000.0,1215346000.0,1498263000.0,2632422000.0,1248867000.0,437978000.0,-169850000.0,268128000.0,-0.0201793179159157,False,0.03790649269317513,0.06870536952023772,0.028626334598745282,0.060611102627162364,2.0261538689393803,0.998572422997237,0.569157604669768,4.09056961398645,0.7551828872814527
GD,General Dynamics,Industrials,Aerospace & Defense,52550000000.0,7951000000.0,5356000000.0,4210000000.0,6429000000.0,402000000.0,57249000000.0,31627000000.0,24248000000.0,16796000000.0,9789000000.0,25622000000.0,9232000000.0,5120000000.0,-1161000000.0,3959000000.0,0.1013077374465588,False,0.08011417697431018,0.10192197906755471,0.07353840241750947,0.16431191944422763,1.4436770659680875,0.8940223862824482,0.38205448442744516,13.323383084577115,0.9179199636674876
GIS,General Mills,Consumer Staples,Packaged Foods & Meats,19486600000.0,6733000000.0,3287200000.0,2295200000.0,3922800000.0,548800000.0,33071100000.0,23859900000.0,5275700000.0,7857300000.0,15296700000.0,9199200000.0,1910800000.0,2918200000.0,-625300000.0,2292900000.0,-0.0186632556453074,False,0.11778350250941673,0.16869027947410015,0.06940198541929359,0.2494999565179581,0.6714392984867575,0.4282514349713006,1.6628293764675188,5.989795918367347,0.5892334999440599
GM,General Motors,Consumer Discretionary,Automobile Manufacturers,185019000000.0,11596000000.0,2909000000.0,2697000000.0,18432000000.0,727000000.0,281284000000.0,218116000000.0,108767000000.0,93342000000.0,131312000000.0,61119000000.0,14467000000.0,26867000000.0,-25096000000.0,1771000000.0,-0.0129266653151374,False,0.014576881293272583,0.015722709559558748,0.009588174229604243,0.04412703087419624,1.165252512266718,1.010263332690536,2.1484644709501137,4.001375515818432,0.6577658167545968
GPC,Genuine Parts Company,Consumer Discretionary,Distributors,24300141000.0,8940698000.0,1214612000.0,65945000.0,753697000.0,163506000.0,20795540000.0,16355177000.0,10564734000.0,9787705000.0,6535229000.0,4422991000.0,6071996000.0,890762000.0,-469838000.0,420924000.0,0.0346398829049913,False,0.0027137702616622677,0.04998374289268527,0.0031711126520398126,0.014909593982895285,1.0793882733490638,0.4590185339668492,1.4775587379671358,7.428546964637383,1.1685265686777069
GILD,Gilead Sciences,Health Care,Biotechnology,29442000000.0,23208000000.0,11701000000.0,8510000000.0,13580000000.0,1024000000.0,59023000000.0,36405000000.0,18342000000.0,11813000000.0,24936000000.0,22702000000.0,1774000000.0,10019000000.0,-563000000.0,9456000000.0,0.0239271057939764,False,0.2890428639358739,0.3974254466408532,0.1441810819511038,0.37485684080697734,1.5526961821721832,1.4025226445441463,1.0984054268346402,11.4267578125,0.4988224929264863
GPN,Global Payments,Financials,Transaction & Payment Processing Services,7705878000.0,5592497000.0,1471866000.0,1400107000.0,3325139000.0,649643000.0,53338484000.0,29559003000.0,12602671000.0,7456844000.0,21865376000.0,22888767000.0,0.0,2656592000.0,-617769000.0,2038823000.0,-0.0038898806484513,False,0.181693377445114,0.19100561934668575,0.026249471207318152,0.061170049046329146,1.6900810852419603,1.6900810852419603,,,0.14447126018804735
GL,Globe Life,Financials,Life & Health Insurance,5994318000.0,,,1161238000.0,,141221000.0,30813692000.0,24839113000.0,,,2625449000.0,5974579000.0,0.0,1396391000.0,-142484000.0,1253907000.0,0.0374258251329293,False,0.19372312246363974,,0.03768577942558782,0.19436315094335518,,,,,0.19453423497580233
GDDY,GoDaddy,Information Technology,Internet Services & Infrastructure,4951100000.0,3149600000.0,1138400000.0,875000000.0,1287600000.0,151000000.0,8034900000.0,7819800000.0,1840900000.0,2995500000.0,3862600000.0,215100000.0,0.0,1599400000.0,-23900000.0,1575500000.0,0.0826336044782646,False,0.17672840378905696,0.22992870271252852,0.10889992408119578,4.0678754067875404,0.614555166082457,0.614555166082457,17.95722919572292,7.539072847682119,0.6161993304210382
GS,Goldman Sachs,Financials,Investment Banking & Brokerage,58283000000.0,,,17176000000.0,,66814000000.0,1809320000000.0,1684348000000.0,,,386150000000.0,124972000000.0,0.0,-45154000000.0,-2064000000.0,-47218000000.0,0.0891575721333532,False,0.2946999982842338,,0.009493069219375235,0.13743878628812853,,,,,0.03221265447792541
HAL,Halliburton,Energy,Oil & Gas Equipment & Services,22184000000.0,3484000000.0,3091000000.0,1283000000.0,3259000000.0,352000000.0,25010000000.0,14505000000.0,11398000000.0,5588000000.0,8133000000.0,10461000000.0,2976000000.0,2926000000.0,-1254000000.0,1672000000.0,-0.0331241283124128,False,0.05783447529751172,0.13933465560764516,0.05129948020791683,0.12264601854507218,2.039727988546886,1.5071581961345741,0.7774591339260108,8.78125,0.8870051979208317
HIG,Hartford (The),Financials,Property & Casualty Insurance,28071000000.0,,,3836000000.0,,199000000.0,85997000000.0,67018000000.0,,,4371000000.0,18979000000.0,0.0,5922000000.0,-169000000.0,5753000000.0,0.0639402668283808,False,0.1366534858038545,,0.04460620719327418,0.2021181305653617,,,,,0.3264183634312825
HAS,Hasbro,Consumer Discretionary,Leisure Products,4701300000.0,3036200000.0,1058000000.0,-322400000.0,232700000.0,163400000.0,5552000000.0,4986500000.0,2583700000.0,1871100000.0,3295500000.0,538500000.0,259800000.0,893200000.0,-198300000.0,694900000.0,0.1368153790351831,False,-0.06857677663624955,0.22504413672813903,-0.05806916426512968,-0.5987000928505106,1.380845491956603,1.241996686441131,6.119777158774373,6.4749082007343945,0.8467759365994236
HCA,HCA Healthcare,Health Care,Health Care Facilities,75600000000.0,31374000000.0,11965000000.0,6784000000.0,15603000000.0,2248000000.0,60720000000.0,63491000000.0,15783000000.0,16350000000.0,48697000000.0,-6027000000.0,1652000000.0,12636000000.0,-4944000000.0,7692000000.0,0.0707760293471948,True,0.08973544973544974,0.15826719576719578,0.11172595520421608,,0.9653211009174312,0.8642813455657492,,5.322508896797153,1.2450592885375493
DOC,Healthpeak Properties,Real Estate,Health Care REITs,2822512000.0,1693413000.0,544132000.0,71347000.0,1648337000.0,305178000.0,20336018000.0,12033567000.0,1302670000.0,1809259000.0,10144154000.0,7500094000.0,0.0,1251959000.0,,1251959000.0,0.045201001759337,False,0.02527783761415363,0.19278288276542313,0.0035084056278864425,0.009512814106063205,0.7200019455478734,0.7200019455478734,1.352536914870667,1.7829987744857099,0.13879374024944313
HSIC,Henry Schein,Health Care,Health Care Distributors,13184000000.0,4105000000.0,758000000.0,398000000.0,964000000.0,150000000.0,11215000000.0,6421000000.0,4464000000.0,3228000000.0,3436000000.0,3245000000.0,2002000000.0,712000000.0,-191000000.0,521000000.0,0.0403219442910123,False,0.030188106796116505,0.057493932038834954,0.03548818546589389,0.1226502311248074,1.3828996282527881,0.7627013630731103,1.058859784283513,5.053333333333334,1.1755684351315203
HSY,Hershey Company (The),Consumer Staples,Packaged Foods & Meats,11692576000.0,3922691000.0,1462122000.0,883259000.0,1942715000.0,224806000.0,13741297000.0,9104547000.0,3588899000.0,3011896000.0,5738575000.0,4636750000.0,1429254000.0,2277367000.0,-528219000.0,1749148000.0,0.0437691027250476,False,0.07554015471013402,0.12504703839427686,0.06427770246141977,0.19049096888984743,1.191574675885223,0.7170383705147854,1.2376287270178465,6.503927831107711,0.8509077418237886
HPE,Hewlett Packard Enterprise,Information Technology,"Technology Hardware, Storage & Peripherals",34296000000.0,10377000000.0,1644000000.0,57000000.0,4381000000.0,0.0,75906000000.0,51152000000.0,24994000000.0,24643000000.0,24077000000.0,24688000000.0,6352000000.0,2919000000.0,-2292000000.0,627000000.0,0.1383808543831114,False,0.001662001399580126,0.04793561931420574,0.0007509287803335704,0.002308813998703824,1.0142433956904597,0.7564825711155297,0.975251134154245,,0.45182199035649356
HLT,Hilton Worldwide,Consumer Discretionary,"Hotels, Resorts & Cruise Lines",12039000000.0,3395000000.0,2693000000.0,1457000000.0,2869000000.0,620000000.0,16774000000.0,22120000000.0,2996000000.0,4508000000.0,13093000000.0,-5388000000.0,0.0,2129000000.0,-185000000.0,1944000000.0,0.0774118489350277,True,0.12102334080903729,0.22368967522219455,0.08686061762251103,,0.6645962732919255,0.6645962732919255,,4.343548387096774,0.7177178967449624
HD,Home Depot (The),Consumer Discretionary,Home Improvement Retail,164683000000.0,54865000000.0,20890000000.0,14156000000.0,25135000000.0,2412000000.0,105095000000.0,92282000000.0,34391000000.0,32424000000.0,65350000000.0,12813000000.0,25817000000.0,16325000000.0,-3679000000.0,12646000000.0,0.0324046792131098,False,0.08595908503002739,0.12684976591390731,0.13469717874304202,1.1048154218371966,1.06066493955095,0.2644337527757217,5.100288769218762,8.660862354892206,1.5669917693515392
HON,Honeywell,Industrials,Industrial Conglomerates,37442000000.0,13829000000.0,6567000000.0,4729000000.0,8208000000.0,1344000000.0,73681000000.0,58651000000.0,30387000000.0,23414000000.0,35563000000.0,13904000000.0,6162000000.0,6408000000.0,-986000000.0,5422000000.0,0.0784918051674972,False,0.12630201378131511,0.17539127183376957,0.0641820822192967,0.3401179516685846,1.2978132741095072,1.0346373964294866,2.5577531645569622,4.886160714285714,0.5081635699841207
HRL,Hormel Foods,Consumer Staples,Packaged Foods & Meats,12106160000.0,1891816000.0,895192000.0,478197000.0,1005388000.0,78038000.0,13393119000.0,5477304000.0,3405656000.0,1380796000.0,2857424000.0,7901171000.0,1747279000.0,845251000.0,-310902000.0,534349000.0,0.0155495475680023,False,0.03950030397747924,0.07394516510602867,0.03570467790213766,0.06052229473327435,2.466443993174951,1.2010296959145303,0.3616456345521442,11.471231963915017,0.9039089401057364
HST,Host Hotels & Resorts,Real Estate,Hotel & Resort REITs,6114000000.0,3216000000.0,831000000.0,765000000.0,1848000000.0,235000000.0,13049000000.0,6317000000.0,1122000000.0,1427000000.0,5640000000.0,6558000000.0,0.0,1510000000.0,-644000000.0,866000000.0,0.0756509500351864,False,0.12512266928361138,0.13591756624141316,0.058625182006284006,0.11665141811527904,0.7862648913805186,0.7862648913805186,0.8600182982616651,3.5361702127659576,0.4685416507012032
HWM,Howmet Aerospace,Industrials,Aerospace & Defense,8252000000.0,2820000000.0,2115000000.0,1508000000.0,2274000000.0,151000000.0,11179000000.0,5826000000.0,3779000000.0,1771000000.0,3213000000.0,5353000000.0,1849000000.0,1884000000.0,-453000000.0,1431000000.0,0.1106325706594885,False,0.1827435773145904,0.25630150266602036,0.13489578674300026,0.28171118998692324,2.13382269904009,1.0897797854319593,0.6002241733607323,14.006622516556291,0.738169782628142
HPQ,HP Inc.,Information Technology,"Technology Hardware, Storage & Peripherals",55295000000.0,11392000000.0,3624000000.0,2529000000.0,4139000000.0,555000000.0,41769000000.0,42115000000.0,22453000000.0,29258000000.0,10882000000.0,-346000000.0,8512000000.0,3697000000.0,-897000000.0,2800000000.0,0.032412853115256,True,0.04573650420472014,0.06553937969074962,0.06054729584141349,,0.7674140406042792,0.47648506391414314,,6.52972972972973,1.3238286767698533
HUBB,Hubbell Incorporated,Industrials,Industrial Machinery & Supplies & Components,5844600000.0,2064100000.0,1208800000.0,887100000.0,1389300000.0,64100000.0,8228800000.0,4370900000.0,2594000000.0,1508700000.0,2487300000.0,3847900000.0,1083800000.0,1029800000.0,-155100000.0,874700000.0,0.0383938882473127,False,0.15178113130068782,0.20682339253327858,0.10780429710285826,0.23054133423425766,1.7193610393053622,1.0009942334460131,0.6464045323423165,18.858034321372855,0.710261520513319
HUM,Humana,Health Care,Managed Health Care,129664000000.0,,,1188000000.0,,631000000.0,48909000000.0,31172000000.0,,,12369000000.0,17657000000.0,0.0,921000000.0,-546000000.0,375000000.0,0.1010776063382613,False,0.009162142152023692,,0.024290007973992517,0.06728209775159993,,,0.7005153763379962,,2.651127604326402
HBAN,Huntington Bancshares,Financials,Regional Banks,8131000000.0,,,2211000000.0,,4319000000.0,225106000000.0,200727000000.0,,,18460000000.0,24342000000.0,0.0,2482000000.0,-267000000.0,2215000000.0,0.1010155721056195,False,0.2719222727831755,,0.009822039394774017,0.0908306630515159,,,,,0.0361207608859826
HII,Huntington Ingalls Industries,Industrials,Aerospace & Defense,12484000000.0,1585000000.0,611000000.0,605000000.0,1211000000.0,105000000.0,12749000000.0,7676000000.0,3451000000.0,3045000000.0,2923000000.0,5073000000.0,219000000.0,1196000000.0,-402000000.0,794000000.0,0.0822713480710879,False,0.04846203140019224,0.04894264658763217,0.04745470232959448,0.1192588212103292,1.1333333333333333,1.0614121510673236,0.57618766016164,5.819047619047619,0.9792140560043925
IBM,IBM,Information Technology,IT Consulting & Other Services,67536000000.0,39297000000.0,12492000000.0,10593000000.0,17284000000.0,1935000000.0,151880000000.0,119139000000.0,36944000000.0,38658000000.0,64607000000.0,32648000000.0,1220000000.0,13193000000.0,-1738000000.0,11455000000.0,0.0762194636113014,False,0.15684968017057568,0.1849680170575693,0.0697458519884119,0.3244609164420485,0.9556624760722231,0.9241036784106783,1.978896103896104,6.455813953488372,0.44466684224387676
IEX,IDEX Corporation,Industrials,Industrial Machinery & Supplies & Components,3457500000.0,1538800000.0,720000000.0,483200000.0,903500000.0,64400000.0,6927000000.0,2900800000.0,1643200000.0,575400000.0,1848600000.0,4027500000.0,479400000.0,680400000.0,-63600000.0,616800000.0,0.0577276064610866,False,0.13975415762834417,0.20824295010845986,0.06975602714017612,0.11997517070142769,2.8557525199860967,2.022592978797358,0.4589944134078212,11.180124223602485,0.49913382416630575
IDXX,Idexx Laboratories,Health Care,Health Care Equipment,4303702000.0,2659579000.0,1360031000.0,1059464000.0,1508224000.0,38852000.0,3350759000.0,1745376000.0,1413827000.0,1148814000.0,976062000.0,1605383000.0,377756000.0,1181805000.0,-138226000.0,1043579000.0,0.1042200341551926,False,0.24617503721214898,0.316014212879981,0.3161862730205306,0.6599446985547996,1.2306839923608173,0.9018613979286464,0.6079932327675078,35.005430865849895,1.2843961621829563
ITW,Illinois Tool Works,Industrials,Industrial Machinery & Supplies & Components,16044000000.0,7075000000.0,4216000000.0,3066000000.0,4655000000.0,292000000.0,16148000000.0,12922000000.0,6200000000.0,5126000000.0,9211000000.0,3225000000.0,1659000000.0,3126000000.0,-419000000.0,2707000000.0,0.0091835451000125,False,0.19109947643979058,0.26277736225380205,0.18986871439187517,0.9506976744186046,1.2095200936402652,0.8858759266484588,2.856124031007752,14.438356164383562,0.9935595739410453
INCY,Incyte,Health Care,Biotechnology,5141242000.0,4769142000.0,1342790000.0,1286650000.0,1760165000.0,2428000.0,6957973000.0,1790495000.0,5023902000.0,1515170000.0,40412000.0,5167478000.0,101060000.0,1413498000.0,-83867000.0,1329631000.0,0.2122091371415327,False,0.2502605401574172,0.26118008061087183,0.18491736027144687,0.24898993280668055,3.31573486803461,3.2490360817598027,0.007820449356533303,553.0436573311367,0.7388993892330424
IR,Ingersoll Rand,Industrials,Industrial Machinery & Supplies & Components,7650900000.0,3336300000.0,1510000000.0,581400000.0,1695000000.0,253900000.0,18297200000.0,8143200000.0,4248000000.0,2066300000.0,4849500000.0,10089800000.0,1172900000.0,1355700000.0,-135600000.0,1220100000.0,0.0574844505874222,False,0.07599105987530878,0.19736240180893752,0.03177535360601622,0.057622549505441135,2.0558486183032474,1.4882156511639162,0.48063390751055524,5.947223316266246,0.4181459458277769
PODD,Insulet Corporation,Health Care,Health Care Equipment,2708100000.0,1939900000.0,473800000.0,247100000.0,489300000.0,59400000.0,3190400000.0,1675100000.0,1914000000.0,680100000.0,949200000.0,1515300000.0,452600000.0,569300000.0,-219400000.0,349900000.0,0.3072504344468044,False,0.09124478416602046,0.17495661164654186,0.07745110330992978,0.16307001913812447,2.8142920158800178,2.1488016468166444,0.6264106117600475,7.976430976430977,0.8488277331995988
INTC,Intel,Information Technology,Semiconductors,52853000000.0,18375000000.0,-23000000.0,-267000000.0,14354000000.0,1091000000.0,211429000000.0,85069000000.0,63688000000.0,31575000000.0,46585000000.0,114281000000.0,11618000000.0,9697000000.0,-14646000000.0,-4949000000.0,-0.0046703451912393,False,-0.005051747299112633,-0.0004351692429947212,-0.0012628352780365986,-0.002336346374287939,2.017038796516231,1.649089469517023,0.4076355649670549,-0.021081576535288724,0.24997989868939455
IBKR,Interactive Brokers,Financials,Investment Banking & Brokerage,10222000000.0,9176000000.0,8789000000.0,984000000.0,9087000000.0,4219000000.0,203240000000.0,182768000000.0,178091000000.0,157277000000.0,19000000.0,5363000000.0,0.0,15811000000.0,-67000000.0,15744000000.0,0.0972520395019321,False,0.09626296223830953,0.8598121698297789,0.004841566620743948,0.18347939586052583,1.1323397572435894,1.1323397572435894,,,0.05029521747687463
ICE,Intercontinental Exchange,Financials,Financial Exchanges & Data,12640000000.0,7098000000.0,4999000000.0,3315000000.0,6709000000.0,803000000.0,136887000000.0,107896000000.0,85778000000.0,84116000000.0,20279000000.0,28915000000.0,0.0,4662000000.0,-791000000.0,3871000000.0,0.0747385426409319,False,0.2622626582278481,0.3954905063291139,0.024217054943128275,0.11464637731281342,1.0197584288363688,1.0197584288363688,,,0.09233893649506528
IFF,International Flavors & Fragrances,Materials,Specialty Chemicals,10890000000.0,3938000000.0,842000000.0,-361000000.0,779000000.0,229000000.0,25539000000.0,11353000000.0,5594000000.0,3933000000.0,6619000000.0,14154000000.0,2364000000.0,850000000.0,-596000000.0,254000000.0,-0.0517241379310344,False,-0.03314967860422406,0.0773186409550046,-0.01413524413641881,-0.0255051575526353,1.42232392575642,0.821256038647343,0.46764165606895575,3.6768558951965065,0.42640667214847877
IP,International Paper,Materials,Paper & Plastic Packaging Products & Materials,23634000000.0,6997000000.0,-10000000.0,-3516000000.0,65000000.0,551000000.0,37964000000.0,23137000000.0,10106000000.0,7899000000.0,10317000000.0,14827000000.0,2012000000.0,1698000000.0,-1857000000.0,-159000000.0,0.4925165772023998,False,-0.14876872302614877,-0.0004231192350004231,-0.09261405542092509,-0.23713495649828017,1.2794024560070896,1.0246866691986327,0.6958251837863357,-0.018148820326678767,0.6225371404488462
INTU,Intuit,Information Technology,Application Software,18831000000.0,14983000000.0,4938000000.0,3869000000.0,5890000000.0,247000000.0,36958000000.0,17248000000.0,14107000000.0,10370000000.0,6639000000.0,19710000000.0,0.0,6207000000.0,-124000000.0,6083000000.0,0.1563401903592262,False,0.2054590834262652,0.2622271785884977,0.10468640077926294,0.1962962962962963,1.3603664416586307,1.3603664416586307,0.33683409436834094,19.991902834008098,0.5095243249093566
ISRG,Intuitive Surgical,Health Care,Health Care Equipment,10064700000.0,6642300000.0,2945500000.0,2856000000.0,3622600000.0,0.0,20458700000.0,2517000000.0,9779500000.0,2006200000.0,,17824000000.0,1840000000.0,3030500000.0,-539800000.0,2490700000.0,0.2050502268890458,False,0.28376404661837906,0.29265651236499846,0.13959831269826528,0.16023339317773788,4.874638620277141,3.9574818064001596,,,0.4919520790666074
IVZ,Invesco,Financials,Asset Management & Custody Banks,6377100000.0,2247200000.0,-695700000.0,-281700000.0,1535500000.0,82500000.0,27094000000.0,14089100000.0,10765800000.0,897000000.0,9784500000.0,12231000000.0,0.0,1525300000.0,-84300000.0,1441000000.0,0.0511125762320751,False,-0.04417368396292986,-0.1090934750905584,-0.010397135897246623,-0.023031640912435616,12.002006688963212,12.002006688963212,,,0.2353694544917694
INVH,Invitation Homes,Real Estate,Single-Family Residential REITs,2729296000.0,1594579000.0,752396000.0,587924000.0,1690169000.0,353327000.0,18680290000.0,9112398000.0,569072000.0,375350000.0,8380020000.0,9530132000.0,0.0,1206230000.0,-242752000.0,963478000.0,0.0421368629011257,False,0.21541232610900393,0.27567401996705376,0.03147295893157975,0.06169106576907854,1.516110297056081,1.516110297056081,0.8793183557163742,2.12946081109001,0.14610565467666722
IQV,IQVIA,Health Care,Life Sciences Tools & Services,16310000000.0,5430000000.0,2287000000.0,1360000000.0,3464000000.0,729000000.0,29944000000.0,23314000000.0,6249000000.0,8338000000.0,15949000000.0,6503000000.0,0.0,2654000000.0,-603000000.0,2051000000.0,0.0587471600129827,False,0.08338442673206621,0.14022072348252607,0.04541811381244991,0.20913424573273873,0.7494603022307508,0.7494603022307508,2.4525603567584193,3.1371742112482854,0.5446834090301896
IRM,Iron Mountain,Real Estate,Other Specialized REITs,6901737000.0,3822257000.0,1403920000.0,144591000.0,2114854000.0,846462000.0,21125019000.0,21769927000.0,1934983000.0,2619496000.0,19051536000.0,-981007000.0,0.0,1339999000.0,-2347115000.0,-1007116000.0,0.122250264190901,True,0.020949943470752363,0.20341545903589198,0.006844538222663847,,0.7386852279980577,0.7386852279980577,,1.6585741592652712,0.32670914994206635
JBHT,J.B. Hunt,Industrials,Cargo Ground Transportation,11999096000.0,1596624000.0,865069000.0,598282000.0,1584103000.0,75206000.0,7927155000.0,4362070000.0,1604190000.0,1935343000.0,1466797000.0,3565085000.0,42209000.0,1678272000.0,-730687000.0,947585000.0,-0.0072893615430003,False,0.049860589497742164,0.07209451445342216,0.07547247404648956,0.16781703662044523,0.8288918295103245,0.8070822588037366,0.4114339489801786,11.502659362284923,1.5136699105795206
JBL,Jabil,Information Technology,Electronic Manufacturing Services,29802000000.0,2646000000.0,1436000000.0,657000000.0,1713000000.0,147000000.0,18543000000.0,17026000000.0,13720000000.0,13714000000.0,3366000000.0,1513000000.0,4681000000.0,1640000000.0,-468000000.0,1172000000.0,0.0318180244434442,False,0.022045500301993155,0.04818468559157103,0.035431160006471445,0.43423661599471247,1.0004375091147732,0.6591074814058626,2.2247191011235956,9.768707482993197,1.607183303672545
JKHY,Jack Henry & Associates,Financials,Transaction & Payment Processing Services,2375288000.0,1014541000.0,568715000.0,455748000.0,801225000.0,10438000.0,3043970000.0,913138000.0,681464000.0,535784000.0,,2130832000.0,0.0,641504000.0,-231166000.0,410338000.0,0.0721019632658901,False,0.19187062789859588,0.23942991334103486,0.14972158069888994,0.21388265240995066,1.2719006166664177,1.2719006166664177,,,0.7803256930915876
J,Jacobs Solutions,Industrials,Construction & Engineering,12029783000.0,2984934000.0,863634000.0,289336000.0,926841000.0,145788000.0,11252535000.0,6585936000.0,4359319000.0,3350899000.0,2709857000.0,3640807000.0,0.0,686704000.0,-79232000.0,607472000.0,0.0459824983016607,False,0.024051639169218597,0.07179131992655229,0.02571296156821552,0.07947029326190594,1.300940135766551,1.300940135766551,0.7443011947625897,5.9239032019096225,1.0690731466287375
JNJ,Johnson & Johnson,Health Care,Pharmaceuticals,94193000000.0,63937000000.0,25596000000.0,26804000000.0,41055000000.0,971000000.0,199210000000.0,117666000000.0,55624000000.0,54126000000.0,47933000000.0,81544000000.0,14191000000.0,24530000000.0,-5217000000.0,19313000000.0,0.0604811925107801,False,0.2845646704107524,0.27173993821196907,0.13455147833944078,0.3287059746885117,1.027676163027011,0.7654916306396187,0.5878176199352497,26.360453141091657,0.472832689122032
JCI,Johnson Controls,Industrials,Building Products,23596000000.0,8592000000.0,2828000000.0,3291000000.0,3061000000.0,227000000.0,37939000000.0,24985000000.0,10162000000.0,10941000000.0,9880000000.0,12927000000.0,1820000000.0,1399000000.0,-434000000.0,965000000.0,0.0280585569884977,False,0.13947279199864385,0.1198508221732497,0.08674451092543294,0.2545834300301694,0.9287999268805411,0.7624531578466319,0.7642917923725536,12.458149779735683,0.6219457550278078
JPM,JPMorgan Chase,Financials,Diversified Banks,181847000000.0,,,57048000000.0,,97898000000.0,4424900000000.0,4062462000000.0,,,499982000000.0,362438000000.0,0.0,-147782000000.0,,-147782000000.0,0.0732298939441332,False,0.3137142762872085,,0.01289249474564397,0.1574007140531622,,,,,0.041096295961490656
KVUE,Kenvue,Consumer Staples,Personal Care Products,15124000000.0,8792000000.0,2715000000.0,1470000000.0,2986000000.0,430000000.0,27076000000.0,16311000000.0,5697000000.0,5945000000.0,8674000000.0,10765000000.0,1666000000.0,2197000000.0,-475000000.0,1722000000.0,-0.0214170171465545,False,0.09719650886008992,0.17951600105792118,0.05429162357807653,0.13655364607524384,0.9582842724978974,0.6780487804878049,0.8057594054807246,6.313953488372093,0.5585758605407003
KDP,Keurig Dr Pepper,Consumer Staples,Soft Drinks & Non-alcoholic Beverages,16603000000.0,8999000000.0,3653000000.0,2079000000.0,4194000000.0,754000000.0,55459000000.0,29943000000.0,5266000000.0,8290000000.0,16141000000.0,25516000000.0,1733000000.0,1991000000.0,-503000000.0,1488000000.0,0.0815582046772197,False,0.1252183340360176,0.22002047822682647,0.0374871526713428,0.0814782881329362,0.6352231604342582,0.4261761158021713,0.6325834770340178,4.844827586206897,0.29937431255522096
KEY,KeyCorp,Financials,Regional Banks,7285000000.0,,,1829000000.0,,3750000000.0,184381000000.0,164000000000.0,,,10988000000.0,20381000000.0,0.0,2208000000.0,-107000000.0,2101000000.0,0.6571883530482256,False,0.251063829787234,,0.009919677190166015,0.08974044453167165,,,,,0.03951057863879684
KEYS,Keysight Technologies,Information Technology,Electronic Equipment & Instruments,5375000000.0,3337000000.0,876000000.0,850000000.0,1454000000.0,96000000.0,11301000000.0,5420000000.0,4348000000.0,1850000000.0,2778000000.0,5881000000.0,1050000000.0,1409000000.0,-128000000.0,1281000000.0,0.0795340429805181,False,0.15813953488372093,0.16297674418604652,0.07521458278028494,0.14453324264580852,2.3502702702702702,1.7827027027027027,0.4723686447883013,9.125,0.4756216264047429
KMB,Kimberly-Clark,Consumer Staples,Household Products,16447000000.0,5923000000.0,2351000000.0,2021000000.0,3113000000.0,256000000.0,17098000000.0,15468000000.0,5310000000.0,7125000000.0,7296000000.0,1502000000.0,1475000000.0,2777000000.0,-1138000000.0,1639000000.0,-0.0213031835763165,False,0.12287955250197605,0.14294400194564358,0.11820095917651187,1.3455392809587217,0.7452631578947368,0.5382456140350877,4.857523302263648,9.18359375,0.9619253713884665
KIM,Kimco Realty,Real Estate,Retail REITs,2140116000.0,1477782000.0,717677000.0,584741000.0,1450921000.0,330196000.0,19688250000.0,9120372000.0,965693000.0,291537000.0,8305981000.0,10391836000.0,0.0,1120015000.0,,1120015000.0,0.0506142814924197,False,0.27322864741911185,0.33534490653777643,0.029699998730207105,0.056269267528856304,3.312420035878808,3.312420035878808,0.7992794536018467,2.173487867811845,0.10870016380328368
KMI,Kinder Morgan,Energy,Oil & Gas Storage & Transportation,16937000000.0,8955000000.0,4724000000.0,3056000000.0,7177000000.0,0.0,72748000000.0,40299000000.0,2754000000.0,4322000000.0,31782000000.0,31162000000.0,574000000.0,5917000000.0,-3026000000.0,2891000000.0,0.1216556291390728,False,0.18043337072681112,0.27891598275963864,0.042008027712102054,0.0980681599383865,0.6372049976862564,0.5043961129106895,1.0198960272126307,,0.23281739704184307
KKR,KKR & Co.,Financials,Asset Management & Custody Banks,19207544000.0,3456678000.0,490198000.0,2370463000.0,10171075000.0,3071915000.0,410144072000.0,328512161000.0,243379872000.0,58248712000.0,54537875000.0,30902561000.0,0.0,477760000.0,-160765000.0,316995000.0,-0.1124173578466238,False,0.12341312351022078,0.025521118160656043,0.0057795861547890424,0.07670765539464512,4.178287616042051,4.178287616042051,,,0.04683121203321939
KLAC,KLA Corporation,Information Technology,Semiconductor Materials & Equipment,12156162000.0,7404295000.0,5014227000.0,4061643000.0,5340702000.0,302166000.0,16067926000.0,11375473000.0,10698789000.0,4085795000.0,6088282000.0,4692453000.0,3212149000.0,4081903000.0,-340209000.0,3741694000.0,0.2388764775285416,False,0.33412215138297763,0.41248438446279345,0.2527795435453213,0.8655692449130551,2.618532990519593,1.8323582069095488,1.297462542512413,16.59427930342924,0.7565482937872628
KHC,Kraft Heinz,Consumer Staples,Packaged Foods & Meats,24942000000.0,8309000000.0,4637000000.0,-5846000000.0,-3530000000.0,947000000.0,81786000000.0,39997000000.0,10127000000.0,8778000000.0,21219000000.0,41664000000.0,3167000000.0,4462000000.0,-801000000.0,3661000000.0,-0.0349763986690397,False,-0.2343837703472055,0.18591131424905782,-0.07147922627344533,-0.14031298003072196,1.1536796536796536,0.7928913192071086,0.509288594470046,4.896515311510032,0.3049666202039469
KR,Kroger,Consumer Staples,Food Retail,147642000000.0,34402000000.0,1890000000.0,1016000000.0,5759000000.0,639000000.0,49953000000.0,44017000000.0,14505000000.0,18108000000.0,24692000000.0,5927000000.0,6892000000.0,7311000000.0,-3855000000.0,3456000000.0,0.0035276605289451,False,0.006881510681242465,0.012801235420815215,0.020339118771645348,0.1714189303188797,0.8010271703114645,0.42042191296664455,4.1660199088915135,2.9577464788732395,2.9556182811843135
LHX,L3Harris,Industrials,Aerospace & Defense,21865000000.0,5625000000.0,2150000000.0,1606000000.0,3753000000.0,597000000.0,41195000000.0,21560000000.0,8593000000.0,7226000000.0,11116000000.0,19635000000.0,1219000000.0,3106000000.0,-424000000.0,2682000000.0,0.0253223915592028,False,0.0734507203292934,0.09833066544706151,0.038985313751668894,0.08179271708683473,1.1891779684472736,1.0204815942430114,0.5661319073083779,3.6013400335008376,0.5307682971234373
LH,Labcorp,Health Care,Health Care Services,13951700000.0,4012500000.0,1516200000.0,876500000.0,2012700000.0,224100000.0,18392700000.0,9756000000.0,4020500000.0,2823500000.0,6526000000.0,8619800000.0,534700000.0,1640500000.0,-434500000.0,1206000000.0,0.072473460477058,False,0.06282388526129433,0.10867492850333652,0.04765477607964029,0.10168449383976426,1.4239419160616256,1.2345670267398619,0.7570941321144342,6.765729585006693,0.7585455099033855
LRCX,Lam Research,Information Technology,Semiconductor Materials & Equipment,18435591000.0,8979059000.0,5900968000.0,5358217000.0,6522609000.0,178203000.0,21345260000.0,11483641000.0,14516995000.0,6568425000.0,4484505000.0,9861619000.0,4307991000.0,6173264000.0,-759186000.0,5414078000.0,0.2368408976459918,False,0.29064525243589967,0.32008564303688447,0.25102608260569326,0.5433405001754783,2.210118102893768,1.5542544826195017,0.45474328302482586,33.113741070576815,0.8636854739647116
LVS,Las Vegas Sands,Consumer Discretionary,Casinos & Gaming,13017000000.0,6481000000.0,3089000000.0,1627000000.0,4499000000.0,746000000.0,21920000000.0,19986000000.0,4832000000.0,4222000000.0,15784000000.0,1590000000.0,46000000.0,3023000000.0,-1243000000.0,1780000000.0,0.1521508231545406,False,0.1249903971729277,0.23730506261043252,0.07422445255474452,1.0232704402515724,1.1444812884888678,1.1335859782093793,9.927044025157233,4.140750670241287,0.5938412408759124
LDOS,Leidos,Industrials,Diversified Support Services,17174000000.0,3099000000.0,2100000000.0,1448000000.0,2402000000.0,203000000.0,13493000000.0,8531000000.0,4814000000.0,2827000000.0,5235000000.0,4916000000.0,342000000.0,1750000000.0,-125000000.0,1625000000.0,0.0307286040091225,False,0.0843134971468499,0.12227786188424362,0.1073149040243089,0.29454841334418225,1.7028652281570569,1.5818889281924302,1.0648901545972336,10.344827586206897,1.2728081227303045
LEN,Lennar,Consumer Discretionary,Homebuilding,34186934000.0,3387125000.0,2750407000.0,2078179000.0,2884717000.0,0.0,34430437000.0,12289828000.0,19394535000.0,1812484000.0,5874995000.0,21959417000.0,11841255000.0,216812000.0,-188629000.0,28183000.0,-0.0353969131964457,False,0.060788691960501635,0.0804519937353844,0.0603587749989929,0.09463725744631563,10.7005275632778,4.167363684313903,0.26753875114261916,,0.9929276819809171
LII,Lennox International,Industrials,Building Products,5195300000.0,1734800000.0,1053200000.0,805800000.0,1155700000.0,46400000.0,4081800000.0,2918700000.0,1903800000.0,1191800000.0,1770700000.0,1163100000.0,1152600000.0,757600000.0,-118800000.0,638800000.0,-0.0273341695841836,False,0.1551017265605451,0.20272169075895521,0.1974129060708511,0.6928037142120196,1.597415673770767,0.6303070985064608,1.5223970423867252,22.698275862068964,1.2727963153510706
LLY,Lilly (Eli),Health Care,Pharmaceuticals,65179000000.0,54127000000.0,29696000000.0,20640000000.0,31693000000.0,0.0,112476000000.0,85941000000.0,55629000000.0,35228000000.0,42503000000.0,26535000000.0,13744000000.0,16813000000.0,-10849000000.0,5964000000.0,0.4470394955930999,False,0.31666641096058545,0.45560686724251676,0.18350581457377574,0.7778405879027699,1.5791132054047916,1.1889690019302828,1.6017712455247786,,0.5794925139585334
LIN,Linde plc,Materials,Industrial Gases,33986000000.0,16597000000.0,9254000000.0,6898000000.0,13124000000.0,464000000.0,86817000000.0,47076000000.0,13325000000.0,15198000000.0,28069000000.0,38245000000.0,2055000000.0,10350000000.0,-5261000000.0,5089000000.0,0.0297227692773822,False,0.20296592714647207,0.2722885894191726,0.07945448472073442,0.18036344620211792,0.8767601000131596,0.7415449401237005,0.7339260033991372,19.94396551724138,0.39146710897635256
LYV,Live Nation Entertainment,Communication Services,Movies & Entertainment,25201406000.0,6438050000.0,1232689000.0,495972000.0,1985432000.0,316033000.0,22912533000.0,21093686000.0,10974392000.0,11028850000.0,10404386000.0,271007000.0,56576000.0,1395316000.0,-1090337000.0,304979000.0,0.0883492024076223,False,0.019680330533939257,0.048913501095930914,0.02164631906913129,1.8301077093949603,0.9950622231692334,0.9899324045571388,38.3915766013424,3.90050722551126,1.0998961136248009
LMT,Lockheed Martin,Industrials,Aerospace & Defense,75048000000.0,7619000000.0,7731000000.0,5017000000.0,8727000000.0,1118000000.0,59840000000.0,53119000000.0,25362000000.0,23335000000.0,21700000000.0,6721000000.0,3524000000.0,8557000000.0,-1649000000.0,6908000000.0,0.0563743085173768,False,0.06685054898198486,0.10301407099456347,0.08384024064171124,0.746466299657789,1.0868652239125778,0.9358474394686094,3.228686207409612,6.915026833631485,1.254144385026738
L,Loews Corporation,Financials,Multi-line Insurance,18176000000.0,,,1667000000.0,,437000000.0,86348000000.0,66707000000.0,,,9489000000.0,18686000000.0,0.0,3279000000.0,-579000000.0,2700000000.0,0.054353500783108,False,0.0917143485915493,,0.01930560059294946,0.08921117414106818,,,,,0.21049705841478666
LOW,Lowe's,Consumer Discretionary,Home Improvement Retail,86286000000.0,28885000000.0,10153000000.0,6654000000.0,12468000000.0,1527000000.0,54144000000.0,64061000000.0,20955000000.0,19463000000.0,44677000000.0,-9917000000.0,17300000000.0,9864000000.0,-2213000000.0,7651000000.0,0.0312163874082749,True,0.0771156386899381,0.11766682891778504,0.12289450354609929,,1.0766582746750244,0.18779222113754304,,6.648984937786509,1.5936391843971631
LULU,Lululemon Athletica,Consumer Discretionary,"Apparel, Accessories & Luxury Goods",11102600000.0,6284132000.0,2210615000.0,1579183000.0,2706843000.0,0.0,8456743000.0,3494903000.0,4262701000.0,1887548000.0,1798441000.0,4961840000.0,1700753000.0,1602477000.0,-680802000.0,921675000.0,0.0485897126649229,False,0.14223542233350747,0.19910786662583538,0.18673654857431518,0.3182656030827274,2.258327205453848,1.3572889272219832,0.3624544523805685,,1.3128695054348938
LITE,Lumentum,Information Technology,Communications Equipment,1645000000.0,459900000.0,-192200000.0,25900000.0,106800000.0,22200000.0,4218700000.0,3084000000.0,1717300000.0,392800000.0,2608200000.0,1134700000.0,470100000.0,126300000.0,-231000000.0,-104700000.0,0.2102707474985285,False,0.01574468085106383,-0.11683890577507598,0.00613933202171285,0.02282541640962369,4.3719450101833,3.175152749490835,2.2985811227637263,-8.657657657657658,0.3899305473250053
LYB,LyondellBasell,Materials,Specialty Chemicals,30153000000.0,2577000000.0,831000000.0,-745000000.0,1162000000.0,487000000.0,34003000000.0,23796000000.0,10868000000.0,6129000000.0,14635000000.0,10082000000.0,3533000000.0,2262000000.0,-1878000000.0,384000000.0,-0.0970533628795592,False,-0.024707325970881835,0.02755944682121182,-0.021909831485457165,-0.07389406863717517,1.7732093326806984,1.196769456681351,1.4515969053759175,1.7063655030800822,0.886774696350322
MTB,M&T Bank,Financials,Regional Banks,9632000000.0,,,2851000000.0,,3538000000.0,213510000000.0,184333000000.0,,,13011000000.0,29177000000.0,0.0,3003000000.0,-143000000.0,2860000000.0,0.0434405806521503,False,0.2959925249169435,,0.013353004543112735,0.09771395277101827,,,,,0.04511264109409396
MPC,Marathon Petroleum,Energy,Oil & Gas Refining & Marketing,132699000000.0,10002000000.0,5768000000.0,4047000000.0,11678000000.0,1412000000.0,83955000000.0,59869000000.0,24780000000.0,19678000000.0,34358000000.0,17314000000.0,10129000000.0,8253000000.0,-3486000000.0,4767000000.0,-0.0443959557552713,False,0.030497592295345103,0.04346679326897716,0.04820439521172056,0.2337414808825228,1.2592743164955789,0.7445370464478097,1.9844056832621,4.084985835694051,1.5805967482579955
MAR,Marriott International,Consumer Discretionary,"Hotels, Resorts & Cruise Lines",26186000000.0,5222000000.0,4139000000.0,2601000000.0,4802000000.0,809000000.0,27540000000.0,31311000000.0,3584000000.0,8398000000.0,17083000000.0,-3771000000.0,0.0,3212000000.0,-604000000.0,2608000000.0,0.0432669322709163,True,0.09932788512945849,0.1580615596120064,0.09444444444444444,,0.426768278161467,0.426768278161467,,5.116192830655129,0.9508351488743646
MRSH,Marsh McLennan,Financials,Insurance Brokers,26981000000.0,11404000000.0,6223000000.0,4160000000.0,7409000000.0,960000000.0,58710000000.0,43395000000.0,23200000000.0,21060000000.0,21449000000.0,15100000000.0,0.0,5292000000.0,-291000000.0,5001000000.0,0.1031564314334778,False,0.15418257292168563,0.23064378636818503,0.07085675353432123,0.27549668874172184,1.1016144349477683,1.1016144349477683,,,0.4595639584397888
MLM,Martin Marietta Materials,Materials,Construction Materials,6150000000.0,1889000000.0,1455000000.0,1137000000.0,2093000000.0,230000000.0,18711000000.0,8677000000.0,3193000000.0,895000000.0,5705000000.0,10032000000.0,1078000000.0,1785000000.0,-807000000.0,978000000.0,0.0861886259272342,False,0.1848780487804878,0.23658536585365852,0.060766394099727436,0.11333732057416268,3.5675977653631286,2.363128491620112,0.5686802232854864,6.326086956521739,0.32868366201699534
MAS,Masco,Industrials,Building Products,7562000000.0,2679000000.0,1253000000.0,810000000.0,1384000000.0,101000000.0,5201000000.0,5126000000.0,2840000000.0,1573000000.0,3215000000.0,-186000000.0,1046000000.0,1022000000.0,-156000000.0,866000000.0,-0.0339805825242718,True,0.10711451996826236,0.16569690558053424,0.1557392809075178,,1.8054672600127146,1.140495867768595,,12.405940594059405,1.4539511632378388
MA,Mastercard,Financials,Transaction & Payment Processing Services,32791000000.0,25540000000.0,19514000000.0,14968000000.0,20443000000.0,722000000.0,54157000000.0,46411000000.0,23558000000.0,22762000000.0,19000000000.0,7737000000.0,0.0,17648000000.0,-1215000000.0,16433000000.0,0.164163737707246,False,0.45646671342746487,0.5951023146595102,0.2763816311834112,1.9345999741501874,1.0349705649767156,1.0349705649767156,,,0.6054803626493344
MKC,McCormick & Company,Consumer Staples,Packaged Foods & Meats,6840300000.0,2592200000.0,1091900000.0,789400000.0,1340500000.0,196200000.0,13200400000.0,7432300000.0,2138100000.0,3062200000.0,4164000000.0,5736500000.0,1272000000.0,962200000.0,-221800000.0,740400000.0,0.0173416422505465,False,0.11540429513325438,0.1596275017177609,0.0598012181449047,0.13761004096574567,0.6982234994448436,0.28283586963620927,0.7258781486969407,5.565239551478084,0.5181888427623406
MCD,McDonald's,Consumer Discretionary,Restaurants,26885000000.0,15434000000.0,12394000000.0,8563000000.0,14678000000.0,1582000000.0,59515000000.0,61306000000.0,4163000000.0,4361000000.0,54814000000.0,-1790000000.0,61000000.0,10551000000.0,-3365000000.0,7186000000.0,0.0372299382716049,True,0.31850474242142457,0.4610005579319323,0.1438796941947408,,0.9545975693648245,0.9406099518459069,,7.834386852085967,0.4517348567588003
MCK,McKesson Corporation,Health Care,Health Care Distributors,403430000000.0,14550000000.0,6454000000.0,4762000000.0,7177000000.0,247000000.0,82323000000.0,83157000000.0,57210000000.0,67017000000.0,8614000000.0,-2172000000.0,24207000000.0,6155000000.0,-745000000.0,5410000000.0,0.123600825509468,True,0.011803782564509332,0.015997818704607987,0.05784531661868494,,0.8536639957025829,0.49245713774117017,,26.129554655870447,4.900574566038653
MDT,Medtronic,Health Care,Health Care Equipment,33537000000.0,21905000000.0,6540000000.0,4662000000.0,9218000000.0,729000000.0,91680000000.0,43424000000.0,23814000000.0,12879000000.0,28516000000.0,48024000000.0,5476000000.0,7044000000.0,-1859000000.0,5185000000.0,0.0362439747868001,False,0.13901064495929868,0.19500849807675105,0.050850785340314134,0.09707646176911544,1.849056603773585,1.4238683127572016,0.5937864401132767,8.97119341563786,0.3658049738219895
MRK,Merck & Co.,Health Care,Pharmaceuticals,65011000000.0,48629000000.0,22107000000.0,18254000000.0,28262000000.0,1357000000.0,136866000000.0,84204000000.0,43516000000.0,28327000000.0,49339000000.0,52606000000.0,6658000000.0,16472000000.0,-4112000000.0,12360000000.0,0.0131373893529485,False,0.2807832520650351,0.340050145360016,0.13337132669910715,0.34699463939474584,1.5362022099057437,1.3011614360857133,0.9378968178534768,16.29108327192336,0.4749974427542268
META,Meta Platforms,Communication Services,Interactive Media & Services,200966000000.0,164791000000.0,83276000000.0,60458000000.0,105713000000.0,1165000000.0,366021000000.0,148778000000.0,108722000000.0,41836000000.0,83897000000.0,217243000000.0,0.0,115800000000.0,-69691000000.0,46109000000.0,0.2216703849824621,False,0.3008369574952977,0.41437855159579234,0.16517631502017643,0.2782966539773433,2.5987666124868536,2.5987666124868536,0.38618965858508675,71.48154506437768,0.5490559284849776
MET,MetLife,Financials,Life & Health Insurance,75654000000.0,,,3379000000.0,,1061000000.0,745166000000.0,716245000000.0,,,20183000000.0,28398000000.0,0.0,17092000000.0,,17092000000.0,0.0787526200966762,False,0.044663864435456155,,0.0045345600845986,0.11898725262342419,,,,,0.10152637130518569
MTD,Mettler Toledo,Health Care,Life Sciences Tools & Services,4026399000.0,2390646000.0,1118490000.0,869193000.0,1243034000.0,68515000.0,3712646000.0,3736282000.0,1362667000.0,1198116000.0,2152172000.0,-23636000.0,387228000.0,955772000.0,-107124000.0,848648000.0,0.0397788326036751,True,0.2158735386135353,0.2777891609847906,0.234116853586364,,1.13734145942463,0.8141440394753096,,16.32474640589652,1.0845092691304261
MGM,MGM Resorts,Consumer Discretionary,Casinos & Gaming,17537683000.0,7790131000.0,1337847000.0,205862000.0,1717615000.0,419042000.0,41373786000.0,38097468000.0,4332424000.0,3512107000.0,31375801000.0,2429917000.0,124535000.0,2529378000.0,-1068927000.0,1460451000.0,0.0172348379938105,False,0.011738266679811695,0.07628413627957581,0.00497566260916997,0.08471976614839108,1.2335683394611838,1.1981095678463098,12.912293300553063,3.1926322421141555,0.4238839297907134
MCHP,Microchip Technology,Information Technology,Semiconductors,4713100000.0,2721100000.0,529800000.0,230000000.0,1178200000.0,215400000.0,14370100000.0,7937700000.0,2377600000.0,1136300000.0,5535200000.0,6432400000.0,1035400000.0,962100000.0,-91100000.0,871000000.0,0.0707697201017811,False,0.04880015276569562,0.11241009102289364,0.016005455772750362,0.03575648280579566,2.0924051746897825,1.1812021473202499,0.8605186244636528,2.4596100278551534,0.3279796243589119
MU,Micron Technology,Information Technology,Semiconductors,37378000000.0,14873000000.0,9809000000.0,8539000000.0,18483000000.0,477000000.0,82798000000.0,28633000000.0,28841000000.0,11454000000.0,15278000000.0,54165000000.0,8355000000.0,17525000000.0,-15857000000.0,1668000000.0,0.4885110111106686,False,0.22844989030980792,0.2624270961528172,0.1031305103988019,0.1576479276285424,2.5179849834119086,1.7885454862929981,0.28206406350964647,20.563941299790358,0.45143602502475905
MSFT,Microsoft,Information Technology,Systems Software,281724000000.0,193893000000.0,128528000000.0,101832000000.0,160165000000.0,2385000000.0,619003000000.0,275524000000.0,191131000000.0,141218000000.0,60588000000.0,343479000000.0,938000000.0,136162000000.0,-64551000000.0,71611000000.0,0.1493215623240672,False,0.3614601524896707,0.4562195624085985,0.16450970350709124,0.2964722734140952,1.3534464445042416,1.3468042317551587,0.17639506345366093,53.89014675052411,0.4551254194244616
MAA,Mid-America Apartment Communities,Real Estate,Multi-Family Residential REITs,2209126000.0,674245000.0,619438000.0,446909000.0,1267312000.0,185257000.0,11975383000.0,6135738000.0,120376000.0,1334529000.0,5429651000.0,5683253000.0,0.0,1078175000.0,-360238000.0,717937000.0,0.0082660319532271,False,0.20230127208678908,0.2803995788379658,0.03731897343074539,0.07863612617632894,0.0902011121526771,0.0902011121526771,0.9553773164770247,3.343668525345871,0.18447226280779497
MRNA,Moderna,Health Care,Biotechnology,1922000000.0,1054000000.0,-3074000000.0,-2822000000.0,-2543000000.0,10000000.0,12338000000.0,3688000000.0,6544000000.0,1987000000.0,1305000000.0,8650000000.0,153000000.0,-1873000000.0,-202000000.0,-2075000000.0,-0.3991872460143795,False,-1.4682622268470344,-1.599375650364204,-0.22872426649375913,-0.326242774566474,3.2934071464519374,3.2164066431806746,0.1508670520231214,-307.4,0.15577889447236182
TAP,Molson Coors Beverage Company,Consumer Staples,Brewers,11140800000.0,4274600000.0,1630700000.0,-2139600000.0,-1544400000.0,247900000.0,22738400000.0,12195700000.0,2935500000.0,5310800000.0,6352300000.0,10230300000.0,715900000.0,1784400000.0,-716600000.0,1067800000.0,-0.0418164616840113,False,-0.19205084015510557,0.14637189429843458,-0.09409633043661823,-0.20914342687897716,0.5527415831889734,0.41794079987949084,0.620929982502957,6.578055667607907,0.48995531787636776
MDLZ,Mondelez International,Consumer Staples,Packaged Foods & Meats,38537000000.0,10935000000.0,3620000000.0,2451000000.0,4971000000.0,599000000.0,71487000000.0,45596000000.0,12951000000.0,21864000000.0,21804000000.0,25838000000.0,4419000000.0,4514000000.0,-1279000000.0,3235000000.0,0.0575176312395378,False,0.06360121441731323,0.09393569816020966,0.034285954089554746,0.09486028330366128,0.5923435784851812,0.3902305159165752,0.8438733648115179,6.043405676126878,0.539077034985382
MPWR,Monolithic Power Systems,Information Technology,Semiconductors,2790459000.0,1539741000.0,728636000.0,621483000.0,781149000.0,0.0,4194199000.0,662702000.0,2183802000.0,369365000.0,19972000.0,3531497000.0,564649000.0,838202000.0,-174941000.0,663261000.0,0.2643101807802093,False,0.2227171228819345,0.26111689868942706,0.1481768032465794,0.17598287638358465,5.912314377377391,4.383612415902968,0.0056553920334634295,,0.6653139252572422
MNST,Monster Beverage,Consumer Staples,Soft Drinks & Non-alcoholic Beverages,8294343000.0,4632195000.0,2419354000.0,1905432000.0,2533795000.0,0.0,9988945000.0,1734837000.0,5361084000.0,1447780000.0,,8254108000.0,799623000.0,2098177000.0,-157529000.0,1940648000.0,0.1069885404597989,False,0.22972669444704663,0.29168723791625206,0.19075407863392982,0.23084650697567805,3.7029686830872093,3.150658939894183,,,0.8303522544172582
MCO,Moody's Corporation,Financials,Financial Exchanges & Data,7718000000.0,5745000000.0,3462000000.0,2459000000.0,3891000000.0,281000000.0,15830000000.0,11625000000.0,5186000000.0,2981000000.0,7351000000.0,4054000000.0,0.0,2901000000.0,-326000000.0,2575000000.0,0.088882618510158,False,0.3186058564394921,0.44856180357605596,0.15533796588755527,0.6065614208189443,1.7396846695739685,1.7396846695739685,,,0.4875552747946936
MS,Morgan Stanley,Financials,Investment Banking & Brokerage,65966000000.0,,,16861000000.0,,49017000000.0,1420270000000.0,1307618000000.0,,,370538000000.0,111632000000.0,0.0,-17889000000.0,-2898000000.0,-20787000000.0,0.1448256711962652,False,0.25560137040293485,,0.011871686369493125,0.15104092016626058,,,,,0.046446098277088156
MOS,Mosaic Company (The),Materials,Fertilizers & Agricultural Chemicals,12052400000.0,1901900000.0,1078700000.0,540700000.0,2504300000.0,241500000.0,24480100000.0,12245900000.0,5237500000.0,3982800000.0,5279500000.0,12084900000.0,3363000000.0,824800000.0,-1359400000.0,-534600000.0,0.0835760779659798,False,0.044862434038033916,0.08950084630447049,0.022087328074640217,0.04474178520302195,1.3150296273978106,0.47064878979612335,0.43686749580054446,4.466666666666667,0.4923345901364782
MSI,Motorola Solutions,Information Technology,Communications Equipment,11682000000.0,6035000000.0,2959000000.0,2154000000.0,3597000000.0,360000000.0,19389000000.0,16962000000.0,6300000000.0,6078000000.0,9766000000.0,2410000000.0,983000000.0,2837000000.0,-265000000.0,2572000000.0,0.0799667190533419,False,0.18438623523369285,0.2532956685499058,0.11109391923255454,0.8937759336099586,1.0365251727541955,0.8747943402435011,4.052282157676348,8.219444444444445,0.6025065758935478
MSCI,MSCI Inc.,Financials,Financial Exchanges & Data,3134459000.0,2584093000.0,1713567000.0,1202305000.0,1922715000.0,209889000.0,5702459000.0,8356999000.0,1644769000.0,1829713000.0,6309817000.0,-2654540000.0,0.0,1588446000.0,-129861000.0,1458585000.0,0.0974504644049566,True,0.38357655978272487,0.5466866850068863,0.21083974474871278,,0.8989218527714455,0.8989218527714455,,,0.5496679590331118
NDAQ,"Nasdaq, Inc.",Financials,Financial Exchanges & Data,8262000000.0,3489000000.0,2433000000.0,1788000000.0,3131000000.0,354000000.0,31053000000.0,18821000000.0,8003000000.0,7961000000.0,9466000000.0,12227000000.0,0.0,2255000000.0,-266000000.0,1989000000.0,0.1164864864864864,False,0.21641249092229484,0.294480755265069,0.05757897787653367,0.14623374499059458,1.0052757191307624,1.0052757191307624,,,0.26606125012076126
NTAP,NetApp,Information Technology,"Technology Hardware, Storage & Peripherals",6572000000.0,4613000000.0,1425000000.0,1186000000.0,1690000000.0,64000000.0,10823000000.0,9783000000.0,5851000000.0,4662000000.0,3491000000.0,1040000000.0,186000000.0,1506000000.0,-168000000.0,1338000000.0,0.0485003190810465,False,0.18046256847230677,0.21682897139379184,0.10958144691859928,1.1403846153846153,1.255040755040755,1.2151437151437152,3.356730769230769,22.265625,0.6072253534140257
NFLX,Netflix,Communication Services,Movies & Entertainment,45183036000.0,21907707000.0,13326603000.0,10981201000.0,30254617000.0,776510000.0,55596993000.0,28981505000.0,13020191000.0,10980930000.0,14462836000.0,26615488000.0,0.0,10149273000.0,-688220000.0,9461053000.0,0.1585106891967752,False,0.24303813935832022,0.29494704605507255,0.19751429722107453,0.41258687422902035,1.185709316059751,1.185709316059751,0.5433992418249104,17.16217820762128,0.8126884847890964
NEM,Newmont,Materials,Gold,22669000000.0,12063000000.0,11023000000.0,7085000000.0,14092000000.0,229000000.0,57121000000.0,23079000000.0,13066000000.0,5712000000.0,5589000000.0,33867000000.0,2689000000.0,10334000000.0,-3035000000.0,7299000000.0,0.213413981372444,False,0.31254135603687855,0.4862587674798183,0.12403494336583744,0.209200696843535,2.2874649859943976,1.816701680672269,0.16502790326866862,48.1353711790393,0.39685929868174574
NWSA,News Corp (Class A),Communication Services,Publishing,8452000000.0,,956000000.0,1180000000.0,1415000000.0,0.0,15504000000.0,6115000000.0,4811000000.0,2608000000.0,2940000000.0,8774000000.0,327000000.0,978000000.0,-407000000.0,571000000.0,0.0242365487154629,False,0.1396119261713204,0.11310932323710364,0.076109391124871,0.13448826077045817,1.8447085889570551,1.719325153374233,0.33508092090266695,,0.5451496388028896
NWS,News Corp (Class B),Communication Services,Publishing,8452000000.0,,956000000.0,1180000000.0,1415000000.0,0.0,15504000000.0,6115000000.0,4811000000.0,2608000000.0,2940000000.0,8774000000.0,327000000.0,978000000.0,-407000000.0,571000000.0,0.0242365487154629,False,0.1396119261713204,0.11310932323710364,0.076109391124871,0.13448826077045817,1.8447085889570551,1.719325153374233,0.33508092090266695,,0.5451496388028896
NEE,NextEra Energy,Utilities,Multi-Utilities,27412000000.0,17069000000.0,8020000000.0,6835000000.0,16043000000.0,4572000000.0,212721000000.0,146242000000.0,13584000000.0,22817000000.0,95619000000.0,54608000000.0,2420000000.0,12485000000.0,-9274000000.0,3211000000.0,0.1074213226679594,False,0.24934335327593754,0.2925725959433825,0.032131289341437844,0.12516481101670085,0.5953455756672656,0.48928430556164265,1.751007178435394,1.7541557305336832,0.12886362888478337
NKE,"Nike, Inc.",Consumer Discretionary,"Apparel, Accessories & Luxury Goods",46309000000.0,19790000000.0,3702000000.0,3219000000.0,4510000000.0,0.0,36579000000.0,23366000000.0,23362000000.0,10566000000.0,11018000000.0,13213000000.0,7489000000.0,3698000000.0,-430000000.0,3268000000.0,-0.0983801253845255,False,0.06951132609212032,0.07994126411712627,0.08800131222832773,0.24362370392794974,2.2110543251940187,1.5022714366837024,0.8338757284492545,,1.2659996172667378
NI,NiSource,Utilities,Multi-Utilities,6642200000.0,3347600000.0,1831900000.0,929500000.0,3045900000.0,661900000.0,35858700000.0,24198800000.0,2377200000.0,3457400000.0,16213500000.0,9450100000.0,449500000.0,2362300000.0,-3156100000.0,-793800000.0,0.2176128760242708,False,0.139938574568667,0.2757971756345789,0.02592118509594603,0.0983587475264812,0.6875686932376931,0.5575577023196622,1.7156961301996805,2.767638616105152,0.1852325934849841
NDSN,Nordson Corporation,Industrials,Industrial Machinery & Supplies & Components,2791687000.0,1539784000.0,724270000.0,484474000.0,852327000.0,104156000.0,5917681000.0,2874110000.0,1242851000.0,758260000.0,2092358000.0,3043571000.0,444814000.0,719175000.0,-58060000.0,661115000.0,0.0378323378270216,False,0.1735416613681978,0.25943811036122605,0.08186889425097432,0.15917946386005125,1.639082900324427,1.052458259699839,0.6874681090074783,6.953704059295672,0.47175354670182457
NSC,Norfolk Southern,Industrials,Rail Transportation,12180000000.0,4427000000.0,4571000000.0,2873000000.0,5850000000.0,792000000.0,45236000000.0,29689000000.0,3198000000.0,3775000000.0,17305000000.0,15547000000.0,271000000.0,4361000000.0,-2204000000.0,2157000000.0,0.0047018064835436,False,0.2358784893267652,0.37528735632183907,0.06351136263153241,0.18479449411462018,0.8471523178807947,0.775364238410596,1.1130764777770632,5.771464646464646,0.2692545760014148
NTRS,Northern Trust,Financials,Asset Management & Custody Banks,8086400000.0,,,1736900000.0,,6213600000.0,177132700000.0,164174800000.0,,,13994200000.0,12957900000.0,0.0,5533500000.0,-774200000.0,4759300000.0,-0.024606774100164,False,0.2147927384250099,,0.00980564288807205,0.13404178146150225,,,,,0.04565164986476241
NOC,Northrop Grumman,Industrials,Aerospace & Defense,41954000000.0,8313000000.0,4280000000.0,4182000000.0,7205000000.0,665000000.0,51377000000.0,34703000000.0,15287000000.0,13882000000.0,17019000000.0,16674000000.0,1309000000.0,4757000000.0,-1450000000.0,3307000000.0,0.0224453488655472,False,0.09968060256471373,0.1020164942556133,0.08139829106409482,0.250809643756747,1.1012102002593287,1.0069154300533065,1.0206908960057575,6.43609022556391,0.8165910816123947
NCLH,Norwegian Cruise Line Holdings,Consumer Discretionary,"Hotels, Resorts & Cruise Lines",9827592000.0,4188429000.0,1560868000.0,423246000.0,2544335000.0,953506000.0,22541401000.0,20331513000.0,1138541000.0,5452577000.0,14606176000.0,2209888000.0,138181000.0,2089746000.0,-3259606000.0,-1169860000.0,0.0367039883641285,False,0.04306711145517641,0.15882507128908077,0.018776383952355046,0.1915237333294719,0.20880787194752132,0.1834655429900394,6.609464371045048,1.6369776383158574,0.43597964474346557
NRG,NRG Energy,Utilities,Independent Power Producers & Energy Traders,30713000000.0,5952000000.0,1944000000.0,864000000.0,3281000000.0,741000000.0,29140000000.0,27459000000.0,13147000000.0,8029000000.0,16622000000.0,1681000000.0,461000000.0,1913000000.0,-1148000000.0,765000000.0,0.0918236757909704,False,0.028131410152052876,0.06329567284211897,0.02964996568291009,0.5139797739440809,1.637439282600573,1.5800224187320961,9.888161808447352,2.623481781376518,1.0539807824296499
NUE,Nucor,Materials,Steel,32494000000.0,3878000000.0,2659000000.0,1744000000.0,4218000000.0,170000000.0,35104000000.0,12980000000.0,11765000000.0,4004000000.0,7121000000.0,20936000000.0,5462000000.0,3234000000.0,-3422000000.0,-188000000.0,0.0572655690765927,False,0.05367144703637595,0.08183049178309842,0.04968094804010939,0.08330149025601834,2.938311688311688,1.5741758241758241,0.34013183034008404,15.641176470588235,0.9256494986326345
NVDA,Nvidia,Information Technology,Semiconductors,215938000000.0,153463000000.0,130387000000.0,120067000000.0,144552000000.0,259000000.0,206803000000.0,49510000000.0,125605000000.0,32163000000.0,11040000000.0,157293000000.0,21403000000.0,102718000000.0,-6042000000.0,96676000000.0,0.654735357900948,False,0.5560253406070261,0.6038168363141272,0.5805863551302447,0.7633333969089534,3.905263812455306,3.239809719242608,0.07018748450344262,503.42471042471044,1.0441724733200195
NVR,"NVR, Inc.",Consumer Discretionary,Homebuilding,10341845000.0,2388444000.0,1689318000.0,1339816000.0,1815277000.0,28835000.0,5856930000.0,1992061000.0,5136237000.0,939168000.0,1052893000.0,3864869000.0,1723560000.0,1121320000.0,-24508000.0,1096812000.0,-0.0191326069696879,False,0.1295528989266422,0.16334783590355492,0.2287573865489258,0.3466653074140417,5.468922493100276,3.6337236788306244,0.2724265686624825,58.585677128489685,1.7657450234167047
NXPI,NXP Semiconductors,Information Technology,Semiconductors,12269000000.0,6716000000.0,3035000000.0,2021000000.0,3961000000.0,466000000.0,26560000000.0,16109000000.0,7940000000.0,3881000000.0,12222000000.0,10056000000.0,2577000000.0,2820000000.0,-537000000.0,2283000000.0,-0.027350562866656,False,0.16472410139375662,0.2473714239139294,0.07609186746987952,0.20097454256165473,2.045864467920639,1.3818603452718372,1.2153937947494033,6.512875536480687,0.4619352409638554
ORLY,O’Reilly Automotive,Consumer Discretionary,Automotive Retail,17781992000.0,9174141000.0,3460612000.0,2538209000.0,3986465000.0,235064000.0,16538253000.0,17301605000.0,6744277000.0,8775821000.0,8491499000.0,-763352000.0,5731385000.0,2761993000.0,-1168815000.0,1593178000.0,0.0642495944723634,True,0.14274041963352588,0.19461329191915056,0.15347503753872915,,0.7685066730508747,0.11541848905076801,,14.7219991151346,1.075203771522905
OXY,Occidental Petroleum,Energy,Oil & Gas Exploration & Production,21593000000.0,7543000000.0,3722000000.0,2326000000.0,11664000000.0,1079000000.0,84186000000.0,47588000000.0,8827000000.0,9428000000.0,23351000000.0,36034000000.0,1823000000.0,10532000000.0,-6427000000.0,4105000000.0,-0.0193469276533902,False,0.10772009447506137,0.17237067568193395,0.02762929703276079,0.06455014708331021,0.9362537123462028,0.7428935086974968,0.6480268635177887,3.449490268767377,0.25649157817214263
ODFL,Old Dominion,Industrials,Cargo Ground Transportation,5496389000.0,1815364000.0,1361045000.0,1023703000.0,1726295000.0,296000.0,5470160000.0,1159103000.0,694833000.0,483906000.0,39995000.0,4311057000.0,0.0,1370133000.0,-415034000.0,955099000.0,-0.0547603447060179,False,0.18625009983827565,0.247625304540854,0.187143154862015,0.23745986193177218,1.4358842419808806,1.4358842419808806,0.009277307166200772,4598.125,1.0047949237316642
OMC,Omnicom Group,Communication Services,Advertising,17271900000.0,1467100000.0,444700000.0,-54500000.0,818200000.0,263300000.0,54415300000.0,41359100000.0,27465400000.0,29538200000.0,10733500000.0,12045800000.0,3408900000.0,2938200000.0,-149800000.0,2788400000.0,0.1008853280302885,False,-0.003155414285631575,0.02574702262055709,-0.001001556547515129,-0.004524398545551147,0.9298264620051323,0.8144199714268303,0.8910574640123529,1.6889479680972275,0.31740889051424875
ON,ON Semiconductor,Information Technology,Semiconductors,5995400000.0,1983900000.0,751100000.0,121000000.0,888200000.0,70900000.0,12524100000.0,4832200000.0,5823100000.0,1287700000.0,3004800000.0,7673300000.0,1989600000.0,1759800000.0,-341200000.0,1418600000.0,-0.153467094023128,False,0.020182139640390968,0.1252793808586583,0.009661372873100663,0.015768965112793715,4.522093655354508,2.9770132794905644,0.39159162290018634,10.593794076163611,0.47870904895361743
OKE,Oneok,Energy,Oil & Gas Storage & Transportation,33629000000.0,8742000000.0,5822000000.0,3393000000.0,7787000000.0,1783000000.0,66641000000.0,44072000000.0,4488000000.0,6365000000.0,32816000000.0,22485000000.0,948000000.0,5599000000.0,-3152000000.0,2447000000.0,0.5498663471287676,False,0.1008950608106099,0.17312438669005917,0.0509146021218169,0.15090060040026684,0.7051060487038492,0.5561665357423409,1.459461863464532,3.265283230510376,0.5046292822736753
ORCL,Oracle Corporation,Information Technology,Application Software,57399000000.0,40472000000.0,18052000000.0,12443000000.0,23912000000.0,3578000000.0,168361000000.0,147392000000.0,24579000000.0,32643000000.0,104104000000.0,20451000000.0,0.0,20821000000.0,-21215000000.0,-394000000.0,0.0837975113762957,False,0.21678078015296434,0.3145002526176414,0.07390666484518386,0.6084299056280866,0.7529638819961401,0.7529638819961401,5.090411226834874,5.045276690888764,0.3409281246844578
OTIS,Otis Worldwide,Industrials,Industrial Machinery & Supplies & Components,14431000000.0,4370000000.0,2219000000.0,1384000000.0,2394000000.0,0.0,10653000000.0,15924000000.0,6501000000.0,7656000000.0,8511000000.0,-5392000000.0,613000000.0,1596000000.0,-152000000.0,1444000000.0,0.0119206226772316,True,0.09590464971242464,0.1537661977686924,0.12991645545855626,,0.8491379310344828,0.7690700104493208,,,1.3546418849150474
PCAR,Paccar,Industrials,Construction Machinery & Heavy Transportation Equipment,28444800000.0,4737500000.0,2961700000.0,2375800000.0,3789100000.0,0.0,44336200000.0,25072200000.0,34342600000.0,11155100000.0,15636300000.0,19264000000.0,2187500000.0,4415800000.0,-1386600000.0,3029200000.0,-0.1550330028101402,False,0.08352317471031612,0.10412096411294859,0.05358600872424791,0.12332848837209302,3.0786456419037034,2.8825469964410897,0.8116850083056478,,0.6415705450624997
PKG,Packaging Corporation of America,Materials,Paper & Plastic Packaging Products & Materials,8989300000.0,1889600000.0,1255400000.0,774100000.0,1759700000.0,79100000.0,10725500000.0,6127500000.0,3213700000.0,1015100000.0,4364900000.0,4598000000.0,1243200000.0,1557500000.0,-828900000.0,728600000.0,0.0722865697279114,False,0.08611349048312994,0.13965492307521163,0.0721737914316349,0.16835580687255328,3.165894985715693,1.9411880602896265,0.9493040452370596,15.871049304677623,0.8381240967787049
PLTR,Palantir Technologies,Information Technology,Application Software,4475446000.0,3686269000.0,1414015000.0,1625033000.0,1440160000.0,0.0,8900392000.0,1412381000.0,8358174000.0,1175581000.0,229338000.0,7387268000.0,0.0,2134473000.0,-33882000.0,2100591000.0,0.5618339093221548,False,0.3630996776634105,0.3159495165398041,0.18257993580507464,0.21997753431985953,7.109823993412619,7.109823993412619,0.031045035864408873,,0.5028369536982191
PANW,Palo Alto Networks,Information Technology,Systems Software,9221500000.0,6769900000.0,1242900000.0,1133900000.0,1941000000.0,1900000.0,23576200000.0,15751800000.0,7522800000.0,7988000000.0,338200000.0,7824400000.0,0.0,3716000000.0,-246200000.0,3469800000.0,0.1487387106820305,False,0.12296264165265955,0.1347828444396248,0.04809511286806186,0.14491846020142118,0.9417626439659489,0.9417626439659489,0.043223761566382086,654.1578947368421,0.3911359761115023
PSKY,Paramount Skydance Corporation,Communication Services,Movies & Entertainment,29213000000.0,8658000000.0,1608000000.0,-6190000000.0,-4925000000.0,860000000.0,43342000000.0,30455000000.0,13320000000.0,10599000000.0,14808000000.0,11693000000.0,1461000000.0,752000000.0,-263000000.0,489000000.0,-0.0148050721705112,False,-0.21189196590558998,0.05504398726594324,-0.14281759032808822,-0.529376550072693,1.2567223322954997,1.1188791395414661,1.2663987000769692,1.869767441860465,0.6740113515758387
PH,Parker Hannifin,Industrials,Industrial Machinery & Supplies & Components,19850000000.0,7315000000.0,4060000000.0,3531000000.0,5423000000.0,409000000.0,29494000000.0,15803000000.0,6950000000.0,5819000000.0,9285000000.0,13682000000.0,2839000000.0,3776000000.0,-435000000.0,3341000000.0,-0.0040140491721023,False,0.17788413098236777,0.20453400503778338,0.11971926493524107,0.25807630463382547,1.1943632926619694,0.7064787764220657,0.6786288554304927,9.926650366748166,0.6730182409981691
PAYX,Paychex,Industrials,Human Resource & Employment Services,5571700000.0,4031300000.0,2207700000.0,1657300000.0,2490800000.0,105400000.0,16564100000.0,12436100000.0,8916500000.0,6956300000.0,5022300000.0,4128000000.0,0.0,1900900000.0,-191800000.0,1709100000.0,0.0555860788511452,False,0.2974496114291868,0.3962345424197283,0.10005373065847224,0.40147771317829456,1.281787731983957,1.281787731983957,1.216642441860465,20.945920303605313,0.3363720334941228
PYPL,PayPal,Financials,Transaction & Payment Processing Services,33172000000.0,15465000000.0,6396000000.0,5233000000.0,7696000000.0,441000000.0,80173000000.0,59917000000.0,59759000000.0,46443000000.0,9987000000.0,20256000000.0,0.0,6416000000.0,-852000000.0,5564000000.0,0.0432430732459037,False,0.15775352707102375,0.19281321596527193,0.06527135070410238,0.25834320695102686,1.2867170510087633,1.2867170510087633,,,0.413755254262657
PNR,Pentair,Industrials,Industrial Machinery & Supplies & Components,4176000000.0,1690300000.0,930900000.0,653800000.0,943600000.0,69400000.0,6868800000.0,2999600000.0,1541800000.0,959300000.0,1765900000.0,3869200000.0,632600000.0,814800000.0,-68800000.0,746000000.0,0.0228274713431958,False,0.15656130268199234,0.22291666666666668,0.09518402049848591,0.16897549881112375,1.6072135932450746,0.947774418847076,0.45639925566008477,13.413544668587896,0.6079664570230608
PEP,PepsiCo,Consumer Staples,Soft Drinks & Non-alcoholic Beverages,93925000000.0,50859000000.0,13491000000.0,8240000000.0,15543000000.0,1121000000.0,107399000000.0,86852000000.0,27949000000.0,32764000000.0,49901000000.0,20406000000.0,5845000000.0,12087000000.0,-4415000000.0,7672000000.0,0.0225466501186665,False,0.08772957146659568,0.143635879691243,0.07672324695760668,0.4038028030971283,0.8530399218654621,0.6746429007447198,2.4454082132706065,12.03479036574487,0.8745425935064572
PFE,Pfizer,Health Care,Pharmaceuticals,62579000000.0,46512000000.0,15794000000.0,7771000000.0,16783000000.0,2671000000.0,208160000000.0,121385000000.0,42898000000.0,36984000000.0,63961000000.0,86476000000.0,10654000000.0,11704000000.0,-2629000000.0,9075000000.0,-0.0164709950178383,False,0.12417903769635182,0.2523849853784816,0.037331860107609534,0.0898630833988621,1.1599069868051048,0.8718364698247891,0.7396387436976734,5.913141145638337,0.3006293235972329
PCG,PG&E Corporation,Utilities,Multi-Utilities,24935000000.0,9870000000.0,4849000000.0,2703000000.0,10085000000.0,3028000000.0,141611000000.0,108819000000.0,15830000000.0,16300000000.0,61335000000.0,32540000000.0,820000000.0,8716000000.0,-11787000000.0,-3071000000.0,0.0211310864490765,False,0.10840184479647083,0.19446561058752757,0.019087500264809938,0.08306699446834664,0.9711656441717792,0.9208588957055215,1.8849108789182545,1.6013870541611626,0.1760809541631653
PM,Philip Morris International,Consumer Staples,Tobacco,40648000000.0,27282000000.0,14933000000.0,11348000000.0,17463000000.0,1587000000.0,69185000000.0,77213000000.0,24363000000.0,25427000000.0,48835000000.0,-9994000000.0,11478000000.0,12233000000.0,-1569000000.0,10664000000.0,0.0731295210940387,True,0.279177327297776,0.36737354851407206,0.16402399364023992,,0.9581547174263578,0.5067447988358831,,9.40957781978576,0.587526197875262
PSX,Phillips 66,Energy,Oil & Gas Refining & Marketing,132376000000.0,13032000000.0,3381000000.0,4403000000.0,9757000000.0,1086000000.0,73680000000.0,43439000000.0,17271000000.0,13326000000.0,19716000000.0,29093000000.0,5097000000.0,4962000000.0,-2233000000.0,2729000000.0,-0.0752830887232541,False,0.03326131625067988,0.025540883543844806,0.05975841476655809,0.15134224727597703,1.2960378208014407,0.9135524538496173,0.6776887911181384,3.113259668508287,1.7966340933767644
PNW,Pinnacle West Capital,Utilities,Multi-Utilities,5339939000.0,2221454000.0,1067630000.0,616531000.0,2129952000.0,421968000.0,30031599000.0,22944524000.0,1703709000.0,3161026000.0,14299632000.0,7046458000.0,565153000.0,1805095000.0,-2624618000.0,-819523000.0,0.0419565983045572,False,0.11545656233151727,0.19993299548927432,0.020529409706089907,0.08749516423712453,0.5389734219206043,0.360185585313123,2.0293361572580153,2.5301207674515602,0.17781067867881428
PNC,PNC Financial Services,Financials,Diversified Banks,23077000000.0,,,6936000000.0,,10897000000.0,573572000000.0,512936000000.0,,,57101000000.0,60585000000.0,0.0,4384000000.0,,4384000000.0,0.1089913018405497,False,0.30055899813667286,,0.012092640505464004,0.11448378311463234,,,,,0.04023383289281904
POOL,Pool Corporation,Consumer Discretionary,Distributors,5289396000.0,1572458000.0,580204000.0,406404000.0,631809000.0,46770000.0,3626126000.0,2440897000.0,1969864000.0,880285000.0,1535031000.0,1185229000.0,1454672000.0,365850000.0,-56334000.0,309516000.0,-0.0040589702074185,False,0.0768337254385945,0.1096919194554539,0.11207663495421837,0.34289069875948025,2.2377570900333414,0.585255911437773,1.2951345267454644,12.405473594184306,1.4586906246501088
PPG,PPG Industries,Materials,Specialty Chemicals,15875000000.0,6559000000.0,2169000000.0,1576000000.0,2814000000.0,241000000.0,22098000000.0,14001000000.0,7959000000.0,4900000000.0,7896000000.0,7941000000.0,1996000000.0,1941000000.0,-778000000.0,1163000000.0,0.0018933417481855,False,0.0992755905511811,0.13662992125984252,0.07131867137297493,0.19846366956302733,1.6242857142857143,1.2169387755102041,0.994333207404609,9.0,0.7183908045977011
PPL,PPL Corporation,Utilities,Electric Utilities,9042000000.0,3864000000.0,2129000000.0,1181000000.0,3696000000.0,808000000.0,45244000000.0,30363000000.0,3931000000.0,4546000000.0,19350000000.0,14881000000.0,551000000.0,2629000000.0,-4030000000.0,-1401000000.0,0.0685417159064051,False,0.13061269630612696,0.2354567573545676,0.026102908672973213,0.07936294603857268,0.8647162340519138,0.7435107787065552,1.3003158389893152,2.63490099009901,0.1998497038281319
PFG,Principal Financial Group,Financials,Life & Health Insurance,15625500000.0,,,1185100000.0,,0.0,341376500000.0,328985200000.0,,,3954000000.0,11883900000.0,0.0,4536700000.0,-98000000.0,4438700000.0,-0.0311389720790937,False,0.07584397299286423,,0.003471533629291999,0.09972315485657066,,,,,0.045772043476923575
PG,Procter & Gamble,Consumer Staples,Personal Care Products,84284000000.0,43120000000.0,20451000000.0,15974000000.0,23921000000.0,907000000.0,125231000000.0,72947000000.0,25392000000.0,36058000000.0,35463000000.0,52012000000.0,7551000000.0,17817000000.0,-3773000000.0,14044000000.0,0.0029153131284284,False,0.1895258886621423,0.24264391818138675,0.1275562760019484,0.3071214335153426,0.7041987908369849,0.49478617782461587,0.6818234253633777,22.54796030871003,0.6730282438054476
PGR,Progressive Corporation,Financials,Property & Casualty Insurance,87637000000.0,,,11308000000.0,,278000000.0,123039000000.0,92716000000.0,,,6897000000.0,30323000000.0,0.0,17548000000.0,-348000000.0,17200000000.0,0.1631737520406673,False,0.12903225806451613,,0.09190581848031924,0.37291824687530917,,,,,0.7122700932224741
PLD,Prologis,Real Estate,Industrial REITs,8790127000.0,6555473000.0,3414302000.0,3328231000.0,7367603000.0,972259000.0,98724256000.0,40970248000.0,2435901000.0,2681055000.0,35680534000.0,53193178000.0,0.0,5008434000.0,,5008434000.0,0.0717562771211993,False,0.37863286844433536,0.3884246496097269,0.03371239384169175,0.06256875646722969,0.9085606225907339,0.9085606225907339,0.6707727445801415,3.51172064233913,0.08903715617770773
PRU,Prudential Financial,Financials,Life & Health Insurance,60967000000.0,,,3576000000.0,,0.0,773740000000.0,738159000000.0,,,22958000000.0,32438000000.0,0.0,6271000000.0,,6271000000.0,-0.1373611602405376,False,0.0586546820411042,,0.004621707550339907,0.11024107528207658,,,,,0.07879520252281128
PEG,Public Service Enterprise Group,Utilities,Electric Utilities,12168000000.0,4237000000.0,2980000000.0,2111000000.0,4794000000.0,961000000.0,57576000000.0,40594000000.0,4596000000.0,5740000000.0,24202000000.0,16982000000.0,1155000000.0,3298000000.0,-3272000000.0,26000000.0,0.1825072886297376,False,0.17348783694937542,0.24490466798159105,0.03666458246491594,0.12430809091979743,0.8006968641114982,0.5994773519163763,1.4251560475797904,3.100936524453694,0.2113380575239683
PTC,PTC Inc.,Information Technology,Application Software,2739226000.0,2294243000.0,998028000.0,733997000.0,1132612000.0,77019000.0,6617172000.0,2790943000.0,1383367000.0,1237404000.0,1369867000.0,3826229000.0,0.0,867696000.0,-11008000.0,856688000.0,0.1917595689658172,False,0.26795780997989943,0.3643467169193049,0.11092306501931641,0.1918330031997562,1.1179590497525465,1.1179590497525465,0.35802012895725793,12.958205118217583,0.41395720105205064
PSA,Public Storage,Real Estate,Self-Storage REITs,4824113000.0,3514138000.0,2260491000.0,1784348000.0,3246139000.0,304495000.0,20208604000.0,10866770000.0,460203000.0,612889000.0,10253881000.0,9248128000.0,0.0,3186449000.0,-289378000.0,2897071000.0,0.0273653126661123,False,0.36988105378128583,0.46858168537926037,0.08829645036341946,0.1929415336811947,0.7508749545186812,0.7508749545186812,1.1087520631202337,7.423737664001051,0.23871579649935246
PHM,PulteGroup,Consumer Discretionary,Homebuilding,17311953000.0,4572604000.0,2978583000.0,2218730000.0,3024433000.0,605000.0,18048423000.0,5062981000.0,17368409000.0,1373716000.0,2296679000.0,12985442000.0,12905823000.0,1871249000.0,-122716000.0,1748533000.0,-0.0353818894018203,False,0.12816173888642143,0.17205355167034014,0.12293207002074365,0.1708628785989726,12.643376796950752,3.2485506465674128,0.17686567773357273,4923.277685950413,0.9591947728618727
PWR,Quanta Services,Industrials,Construction & Engineering,28479697000.0,4275081000.0,1587077000.0,1028378000.0,2561283000.0,261445000.0,24926901000.0,15899027000.0,9903417000.0,8716198000.0,6418954000.0,8938249000.0,370372000.0,2229970000.0,-609154000.0,1620816000.0,0.2030559551586536,False,0.036109162256887775,0.055726611136347415,0.041255750163247326,0.11505363075027335,1.1362083559827347,1.0937159757040857,0.7181444598377155,6.07040486526803,1.1425285878898463
QCOM,Qualcomm,Information Technology,Semiconductors,44284000000.0,24546000000.0,12394000000.0,5541000000.0,14929000000.0,664000000.0,50143000000.0,28937000000.0,25754000000.0,9144000000.0,14811000000.0,21206000000.0,6526000000.0,14012000000.0,-1192000000.0,12820000000.0,0.1365946306657769,False,0.1251241983560654,0.2798753500135489,0.1105039586781804,0.26129397340375365,2.8164916885389326,2.1027996500437447,0.6984344053569744,18.66566265060241,0.8831541790479229
DGX,Quest Diagnostics,Health Care,Health Care Services,11035000000.0,3665000000.0,1556000000.0,992000000.0,2165000000.0,277000000.0,16225000000.0,8939000000.0,2378000000.0,2278000000.0,6585000000.0,7170000000.0,189000000.0,1886000000.0,-527000000.0,1359000000.0,0.1178079416531604,False,0.08989578613502493,0.14100589034888988,0.0611402157164869,0.13835425383542538,1.0438981562774363,0.9609306409130817,0.9184100418410042,5.617328519855596,0.6801232665639445
Q,Qnity Electronics,Information Technology,Semiconductor Materials & Equipment,4754000000.0,2195000000.0,1014000000.0,692000000.0,1403000000.0,65000000.0,14070000000.0,6704000000.0,2638000000.0,1356000000.0,4027000000.0,7095000000.0,661000000.0,1273000000.0,-285000000.0,988000000.0,0.0966551326412918,False,0.14556163230963398,0.2132940681531342,0.049182658137882015,0.09753347427766032,1.9454277286135693,1.4579646017699115,0.5675828047921071,15.6,0.33788201847903343
RL,Ralph Lauren Corporation,Consumer Discretionary,"Apparel, Accessories & Luxury Goods",8114500000.0,5669200000.0,1297300000.0,941100000.0,1464900000.0,54200000.0,7739500000.0,4898100000.0,3887200000.0,1826500000.0,3009400000.0,2841400000.0,1014300000.0,1154200000.0,-449300000.0,704900000.0,0.1462777228422093,False,0.11597757101484996,0.15987429909421405,0.12159700239033529,0.3312099669177166,2.1282233780454423,1.5728989871338626,1.0591257830646865,23.935424354243544,1.0484527424252212
RJF,Raymond James Financial,Financials,Investment Banking & Brokerage,13842000000.0,,,2135000000.0,,1847000000.0,88230000000.0,75726000000.0,,,4220000000.0,12503000000.0,0.0,2434000000.0,-188000000.0,2246000000.0,0.0951815808212675,False,0.15424071665944228,,0.024198118553779895,0.17075901783571942,,,,,0.1568854131247875
RTX,RTX Corporation,Industrials,Aerospace & Defense,88603000000.0,17789000000.0,9300000000.0,6732000000.0,14946000000.0,1835000000.0,171079000000.0,103941000000.0,60332000000.0,58784000000.0,39506000000.0,65245000000.0,13364000000.0,10567000000.0,-3119000000.0,7448000000.0,0.0974138571676286,False,0.07597936864440256,0.10496258591695541,0.03935024170120237,0.10318032033105985,1.0263336962438758,0.7989929232444203,0.6055023373438577,5.068119891008174,0.5179069318852694
O,Realty Income,Real Estate,Retail REITs,5749377000.0,5320577000.0,2593823000.0,1058590000.0,4785826000.0,1106497000.0,72795612000.0,32671644000.0,5108171000.0,3594827000.0,29345846000.0,39438695000.0,0.0,3994754000.0,,3994754000.0,0.0907270189268283,False,0.18412255797454227,0.4511485331367207,0.0145419479404885,0.02684140537611602,1.420978255699092,1.420978255699092,0.744087653001703,2.3441753570050348,0.07897971927209019
REG,Regency Centers,Real Estate,Retail REITs,1553524000.0,1096365000.0,583065000.0,527460000.0,1152451000.0,206456000.0,13001283000.0,5819677000.0,411250000.0,511847000.0,5338123000.0,6906890000.0,0.0,827692000.0,,827692000.0,0.0685189668643872,False,0.3395248480229465,0.37531766487032064,0.040569842222494504,0.0763672217162862,0.8034627535181411,0.8034627535181411,0.7728692653278103,2.824161080327043,0.11949005340472936
REGN,Regeneron Pharmaceuticals,Health Care,Biotechnology,14342900000.0,12242200000.0,3702000000.0,4504900000.0,5818200000.0,43800000.0,40558700000.0,9301800000.0,18021900000.0,4368400000.0,2705900000.0,31256900000.0,3200800000.0,4978900000.0,-1213700000.0,3765200000.0,0.0099211378679059,False,0.31408571488332204,0.25810679848566187,0.11107111421224053,0.14412497720503312,4.125515062723194,3.3927982785459205,0.0865696854134607,84.52054794520548,0.35363312926696366
RF,Regions Financial Corporation,Financials,Regional Banks,7526000000.0,,,2156000000.0,,2082000000.0,158814000000.0,139711000000.0,,,4884000000.0,19043000000.0,0.0,2181000000.0,-30000000.0,2151000000.0,0.0625441197232811,False,0.28647355833111876,,0.013575629352575969,0.11321745523289398,,,,,0.04738876925208105
RSG,Republic Services,Industrials,Environmental & Facilities Services,16591000000.0,6961000000.0,3322000000.0,2139000000.0,5096000000.0,574000000.0,34366000000.0,22397000000.0,2523000000.0,3928000000.0,13806000000.0,11968000000.0,106000000.0,4296000000.0,-1887000000.0,2409000000.0,0.0348677644710578,False,0.12892532095714543,0.2002290398408776,0.06224175056742129,0.17872660427807488,0.6423116089613035,0.6153258655804481,1.1535762032085561,5.7874564459930316,0.4827736716522144
RMD,ResMed,Health Care,Health Care Equipment,5146327000.0,3054970000.0,1687394000.0,1400723000.0,1923205000.0,0.0,8174391000.0,2206532000.0,3505605000.0,1019120000.0,851813000.0,5967859000.0,927711000.0,1751588000.0,-100642000.0,1650946000.0,0.098399311719193,False,0.27217916778315876,0.3278831679370549,0.17135502816050763,0.23471114180144,3.4398353481434962,2.529529397911924,0.1427334325425584,,0.6295670221793893
RVTY,Revvity,Health Care,Health Care Equipment,2856051000.0,1564365000.0,356635000.0,241201000.0,765802000.0,92185000.0,12168411000.0,4918051000.0,2239747000.0,1331246000.0,3398207000.0,7250360000.0,379497000.0,582933000.0,-73522000.0,509411000.0,0.0366693454072665,False,0.08445262357009731,0.12486996905867577,0.019821897863246073,0.03326745154723352,1.6824441162640114,1.397375090704498,0.46869493376880594,3.868687964419374,0.23471026742932993
HOOD,Robinhood Markets,Financials,Investment Banking & Brokerage,4473000000.0,3728000000.0,2094000000.0,1883000000.0,2180000000.0,0.0,38137000000.0,28986000000.0,36305000000.0,28771000000.0,11626000000.0,9140000000.0,0.0,1638000000.0,-54000000.0,1584000000.0,0.515757370382921,False,0.4209702660406886,0.4681421864520456,0.049374623069460104,0.20601750547045952,1.261860901602308,1.261860901602308,,,0.11728767338804835
ROK,Rockwell Automation,Industrials,Electrical Components & Equipment,8342000000.0,4016000000.0,1423000000.0,869000000.0,1398000000.0,156000000.0,11219000000.0,7508000000.0,3911000000.0,3445000000.0,3647000000.0,3654000000.0,1247000000.0,1544000000.0,-186000000.0,1358000000.0,0.0094385285575992,False,0.10417166147206905,0.17058259410213378,0.07745788394687583,0.2378215654077723,1.135268505079826,0.7732946298984035,0.9980842911877394,9.121794871794872,0.7435600320884215
ROL,"Rollins, Inc.",Industrials,Environmental & Facilities Services,3761050000.0,1984044000.0,726068000.0,526705000.0,854228000.0,28558000.0,3140523000.0,1766202000.0,472682000.0,785525000.0,1038005000.0,1374321000.0,42982000.0,678107000.0,-28086000.0,650021000.0,0.1098772747607642,False,0.1400420095452068,0.19304928145065872,0.1677125115784855,0.3832474363703967,0.6017402374208332,0.5470226918303046,0.7552857010843901,25.424329434834373,1.197587153477303
ROP,Roper Technologies,Information Technology,Electronic Equipment & Instruments,7902500000.0,5472000000.0,2235400000.0,1536300000.0,3159300000.0,325000000.0,34577000000.0,14695500000.0,1928100000.0,3725600000.0,9349300000.0,19881500000.0,141700000.0,2540300000.0,-104700000.0,2435600000.0,0.122641777474713,False,0.1944068332806074,0.28287250869977854,0.044431269340891345,0.07727284158639941,0.5175273781404337,0.47949323598883403,0.47025123858863765,6.878153846153846,0.22854787864765597
ROST,Ross Stores,Consumer Discretionary,Apparel Retail,22750559000.0,6303303000.0,2707357000.0,2145044000.0,3389490000.0,37942000.0,15548737000.0,9361294000.0,7640097000.0,4827180000.0,5212338000.0,6187443000.0,2630970000.0,3026883000.0,-819275000.0,2207608000.0,0.0767344973801445,False,0.09428533162635697,0.11900177925298451,0.13795615682482765,0.34667697140805986,1.5827246964065977,1.0376921929573788,0.842405820950593,71.35514733013547,1.4631772985805858
RCL,Royal Caribbean Group,Consumer Discretionary,"Hotels, Resorts & Cruise Lines",17934000000.0,8851000000.0,4910000000.0,4268000000.0,7083000000.0,992000000.0,41619000000.0,31374000000.0,2211000000.0,12055000000.0,22035000000.0,10037000000.0,264000000.0,6465000000.0,-5229000000.0,1236000000.0,0.0878980891719745,False,0.23798371807739488,0.27378164380506304,0.10254931641798218,0.4252266613529939,0.18340937370385732,0.16150974699294898,2.1953771047125636,4.949596774193548,0.4309089598500685
SPGI,S&P Global,Financials,Financial Exchanges & Data,15336000000.0,10773000000.0,6177000000.0,4471000000.0,7693000000.0,287000000.0,61200000000.0,25048000000.0,6296000000.0,7637000000.0,13582000000.0,31127000000.0,0.0,5651000000.0,-195000000.0,5456000000.0,0.0793918918918918,False,0.29153625456442356,0.4027777777777778,0.07305555555555555,0.1436373566357182,0.8244074898520362,0.8244074898520362,,,0.25058823529411767
CRM,Salesforce,Information Technology,Application Software,41525000000.0,32255000000.0,8917000000.0,7457000000.0,12548000000.0,0.0,112305000000.0,53163000000.0,28222000000.0,37118000000.0,17176000000.0,59142000000.0,0.0,14996000000.0,-594000000.0,14402000000.0,0.0957910014513788,False,0.179578567128236,0.21473810957254666,0.06639953697520146,0.1260863684014744,0.760331914435045,0.760331914435045,0.29041966791789253,,0.3697520146030898
SNDK,Sandisk,Information Technology,"Technology Hardware, Storage & Peripherals",7355000000.0,2212000000.0,507000000.0,-1641000000.0,-1253000000.0,63000000.0,12985000000.0,3769000000.0,5086000000.0,1427000000.0,2042000000.0,9216000000.0,2079000000.0,84000000.0,-204000000.0,-120000000.0,0.1038571214167792,False,-0.22311352821210062,0.06893269884432358,-0.12637658837119753,-0.17805989583333334,3.5641205325858443,2.107217939733707,0.22157118055555555,8.047619047619047,0.5664227955333077
SBAC,SBA Communications,Real Estate,Telecom Tower REITs,2815139000.0,2124167000.0,1554271000.0,1053632000.0,2011090000.0,476767000.0,11575012000.0,16350269000.0,773431000.0,2678301000.0,15319130000.0,-4853519000.0,0.0,1291328000.0,-224819000.0,1066509000.0,0.050568473157155,True,0.37427352610297393,0.5521116364058756,0.09102642830953436,,0.2887767282318156,0.2887767282318156,,3.2600221911331952,0.24320830077757155
SLB,Schlumberger,Energy,Oil & Gas Equipment & Services,35708000000.0,6507000000.0,5458000000.0,3374000000.0,6958000000.0,558000000.0,54868000000.0,27577000000.0,19513000000.0,14721000000.0,11636000000.0,26109000000.0,5032000000.0,6489000000.0,-1946000000.0,4543000000.0,-0.0160103612664994,False,0.0944886299988798,0.15285090175870952,0.061493037836261574,0.1292274694549772,1.3255213640377692,0.9836967597309966,0.44567007545290893,9.78136200716846,0.6507982795071808
STX,Seagate Technology,Information Technology,"Technology Hardware, Storage & Peripherals",9097000000.0,3200000000.0,1915000000.0,1469000000.0,2085000000.0,321000000.0,8023000000.0,8476000000.0,3653000000.0,2648000000.0,4995000000.0,-453000000.0,1440000000.0,1083000000.0,-265000000.0,818000000.0,0.3886429552740039,True,0.16148180718918326,0.21050895899747168,0.18309859154929578,,1.3795317220543806,0.8357250755287009,,5.965732087227415,1.133865137729029
SRE,Sempra,Utilities,Multi-Utilities,13702000000.0,6387000000.0,3080000000.0,1837000000.0,5264000000.0,1532000000.0,110878000000.0,68879000000.0,34837000000.0,21894000000.0,35021000000.0,31614000000.0,561000000.0,4565000000.0,-10612000000.0,-6047000000.0,0.0392112248767538,False,0.13406801926726025,0.2247847029630711,0.016567759158714983,0.058107167710508,1.5911665296428246,1.5655430711610487,1.107768710065161,2.010443864229765,0.12357726510218438
NOW,ServiceNow,Information Technology,Systems Software,13278000000.0,10295000000.0,1824000000.0,1748000000.0,3022000000.0,23000000.0,26038000000.0,13074000000.0,10471000000.0,10443000000.0,2403000000.0,12964000000.0,0.0,5444000000.0,-911000000.0,4533000000.0,0.2088492352512745,False,0.13164633227895767,0.13737008585630367,0.06713265227744067,0.13483492749151496,1.0026812218711099,1.0026812218711099,0.1853594569577291,79.30434782608695,0.5099470005376757
SHW,Sherwin-Williams,Materials,Specialty Chemicals,23574300000.0,11515500000.0,3796700000.0,2568500000.0,4480100000.0,465000000.0,25901700000.0,21303400000.0,6007400000.0,6920300000.0,12942600000.0,4598300000.0,2318200000.0,3451600000.0,-797600000.0,2654000000.0,0.0205987401779336,False,0.1089533941622869,0.16105250208913943,0.09916337537690577,0.5585759954765892,0.8680837535944973,0.5330982760862968,2.8146488919818196,8.164946236559139,0.9101448939644888
SPG,Simon Property Group,Real Estate,Retail REITs,6364505000.0,5212487000.0,3175396000.0,4627612000.0,7929089000.0,974835000.0,40606466000.0,33901073000.0,2314958000.0,4051543000.0,29186714000.0,5208268000.0,0.0,4136551000.0,-934346000.0,3202205000.0,0.0671899014688291,False,0.727096922698623,0.49892269705185244,0.11396244135108925,0.8885126495026754,0.5713768803638515,0.5713768803638515,5.603919383564747,3.257367657090687,0.15673624491232505
SWKS,Skyworks Solutions,Information Technology,Semiconductors,4086900000.0,1682100000.0,524200000.0,477100000.0,1016800000.0,27100000.0,7917000000.0,2159900000.0,3077000000.0,1323200000.0,1203100000.0,5757100000.0,754700000.0,1300800000.0,-224900000.0,1075900000.0,-0.0218046912398276,False,0.11673884851599012,0.12826347598424234,0.060262725779967156,0.08287158465199493,2.3254232164449817,1.7550634824667473,0.20897674176234562,19.343173431734318,0.5162182644941266
SJM,J.M. Smucker Company (The),Consumer Staples,Packaged Foods & Meats,8726100000.0,3384700000.0,1654500000.0,-1230800000.0,-155600000.0,388700000.0,17563300000.0,11480700000.0,2146600000.0,2652000000.0,7761700000.0,6082600000.0,1209400000.0,1210400000.0,-393800000.0,816600000.0,0.0669299521928912,False,-0.1410481200077927,0.189603602984151,-0.07007794662734224,-0.20234768026830632,0.8094268476621418,0.35339366515837106,1.2760497155821524,4.2564960123488556,0.49683715474882284
SW,Smurfit Westrock,Materials,Paper & Plastic Packaging Products & Materials,31179000000.0,6043000000.0,2224000000.0,699000000.0,4349000000.0,840000000.0,45157000000.0,26803000000.0,10439000000.0,7064000000.0,13773000000.0,18327000000.0,3693000000.0,3392000000.0,-2192000000.0,1200000000.0,0.477047704770477,False,0.02241893582218801,0.07133006190063824,0.015479327678986646,0.038140448518579145,1.4777746319365799,0.9549830124575311,0.7515141594368964,2.6476190476190475,0.6904577363420954
SNA,Snap-on,Industrials,Industrial Machinery & Supplies & Components,5156100000.0,2667200000.0,1327700000.0,1016900000.0,1484900000.0,50500000.0,8412300000.0,2455500000.0,4402800000.0,918500000.0,1291900000.0,5931800000.0,1025200000.0,1081700000.0,-76000000.0,1005700000.0,0.009337561663143,False,0.19722270708481215,0.2575008242664029,0.12088251726638374,0.1714319430864156,4.793467610234077,3.6772999455634188,0.21779223844364273,26.291089108910892,0.6129239328126672
SOLV,Solventum,Health Care,Health Care Technology,8325000000.0,4451000000.0,632000000.0,1556000000.0,2549000000.0,347000000.0,14294000000.0,9244000000.0,3859000000.0,3136000000.0,5035000000.0,5050000000.0,1066000000.0,369000000.0,-379000000.0,-10000000.0,0.0086018899927307,False,0.1869069069069069,0.07591591591591591,0.10885686301944872,0.3081188118811881,1.230548469387755,0.890625,0.997029702970297,1.8213256484149856,0.5824122009234644
SO,Southern Company,Utilities,Electric Utilities,29553000000.0,14324000000.0,7285000000.0,4341000000.0,14267000000.0,3238000000.0,155720000000.0,116853000000.0,10917000000.0,16888000000.0,74075000000.0,36016000000.0,3333000000.0,9802000000.0,-12737000000.0,-2935000000.0,0.1058599012123933,False,0.14688864074713226,0.24650627685852536,0.027876958643719498,0.1205297645490893,0.646435338702037,0.4490762671719564,2.0567247889826743,2.249845583693638,0.18978294374518367
LUV,Southwest Airlines,Industrials,Passenger Airlines,28063000000.0,4895000000.0,428000000.0,441000000.0,2236000000.0,113000000.0,29061000000.0,21080000000.0,5645000000.0,10921000000.0,5981000000.0,7981000000.0,775000000.0,1842000000.0,-2673000000.0,-831000000.0,0.0211039551722883,False,0.015714642055375407,0.015251398638777038,0.015174976772994736,0.05525623355469239,0.5168940573207582,0.4459298599029393,0.7494048364866558,3.7876106194690267,0.965658442586284
SWK,Stanley Black & Decker,Industrials,Industrial Machinery & Supplies & Components,15130400000.0,4588300000.0,1255400000.0,401900000.0,1446600000.0,516300000.0,21243700000.0,12189100000.0,5979000000.0,5245700000.0,5996800000.0,9054600000.0,4157100000.0,971200000.0,-283300000.0,687900000.0,-0.0153133277364519,False,0.026562417384867552,0.08297202982075821,0.018918549970108785,0.04438627879751728,1.1397906857044817,0.34731303734487295,0.6622931990369536,2.431532055006779,0.7122299787701766
SBUX,Starbucks,Consumer Discretionary,Restaurants,37184400000.0,8467300000.0,3580800000.0,1856400000.0,4821400000.0,542600000.0,32019700000.0,40108900000.0,7382300000.0,10210400000.0,26611500000.0,-8096600000.0,2185600000.0,4747500000.0,-2305500000.0,2442000000.0,0.0278691515416212,True,0.049924161745248004,0.09629844773614742,0.05797680802755804,,0.7230177074355559,0.5089614510694978,,6.599336527828972,1.1612975761796644
STT,State Street Corporation,Financials,Asset Management & Custody Banks,13965000000.0,,,2945000000.0,,8684000000.0,366047000000.0,338206000000.0,,,28964000000.0,27841000000.0,0.0,11898000000.0,-1055000000.0,10843000000.0,0.0809660190417215,False,0.2108843537414966,,0.008045414933055045,0.10577924643511367,,,,,0.038150838553519084
STLD,Steel Dynamics,Materials,Steel,18176581000.0,2392183000.0,1598972000.0,1185595000.0,2114404000.0,70043000.0,16419780000.0,7489369000.0,6484171000.0,2122254000.0,4211163000.0,8957182000.0,3738516000.0,1449534000.0,-948025000.0,501509000.0,0.0362700601297918,False,0.06522651317098634,0.08796879897270009,0.07220529142290578,0.1323624997236854,3.055322784171923,1.293744763821861,0.4701437349380642,22.828433961994776,1.1069929682370896
STE,Steris,Health Care,Health Care Equipment,5935900000.0,2626500000.0,1105900000.0,782300000.0,1594500000.0,60700000.0,10737200000.0,3540000000.0,2394600000.0,1145000000.0,2087200000.0,7183600000.0,631800000.0,1341400000.0,-369000000.0,972400000.0,0.0872607381628354,False,0.13179130376185583,0.18630704695159958,0.07285884588160786,0.10890082966757615,2.091353711790393,1.5395633187772926,0.29055069881396517,18.219110378912685,0.5528350035390978
SYK,Stryker Corporation,Health Care,Health Care Equipment,25116000000.0,16065000000.0,5059000000.0,3246000000.0,6314000000.0,607000000.0,47844000000.0,25424000000.0,14755000000.0,7794000000.0,15859000000.0,22420000000.0,5310000000.0,5044000000.0,-761000000.0,4283000000.0,0.1115733569373755,False,0.12924032489249881,0.2014253862079949,0.06784549786807123,0.1447814451382694,1.8931229150628688,1.2118296125224532,0.7073595004460304,8.334431630971993,0.5249561073488839
SMCI,Supermicro,Information Technology,"Technology Hardware, Storage & Peripherals",21972042000.0,2429922000.0,1252994000.0,1048854000.0,1329833000.0,59573000.0,14018429000.0,7716558000.0,12301654000.0,2344792000.0,4778842000.0,6301693000.0,4680375000.0,1659524000.0,-127214000.0,1532310000.0,0.4658532304249225,False,0.047735845398438614,0.057026743349571245,0.07481965347186907,0.16644003444788566,5.246373239076217,3.2503006663277594,0.7583425596899119,21.032917596897924,1.5673683548991117
SYF,Synchrony Financial,Financials,Consumer Finance,14981000000.0,,,3552000000.0,,4135000000.0,119095000000.0,102329000000.0,,,15182000000.0,16766000000.0,0.0,9851000000.0,,9851000000.0,-0.004981402763018,False,0.23710032708096923,,0.029824929677988162,0.21185733031134438,,,,,0.1257903354464923
SNPS,Synopsys,Information Technology,Application Software,7054178000.0,5430629000.0,914927000.0,1332220000.0,2500301000.0,446729000.0,48224461000.0,19897446000.0,6012102000.0,3722494000.0,14293418000.0,28327602000.0,365190000.0,1518608000.0,-169454000.0,1349154000.0,0.1512446641629549,False,0.18885545558958108,0.1297000160755796,0.027625399483469603,0.047029042557149736,1.61507365760697,1.5169700743641226,0.5045756432189353,2.048058218741116,0.1462780060932148
SYY,Sysco,Consumer Staples,Food Distributors,81370000000.0,14969000000.0,3088000000.0,1828000000.0,4136000000.0,635000000.0,26774000000.0,24917000000.0,11968000000.0,9916000000.0,14494000000.0,1830000000.0,5053000000.0,2510000000.0,-906000000.0,1604000000.0,0.0320379483537111,False,0.02246528204497972,0.0379501044611036,0.06827519235078808,0.9989071038251366,1.2069382815651473,0.6973578055667607,7.920218579234973,4.862992125984252,3.0391424516321806
TMUS,T-Mobile US,Communication Services,Wireless Telecommunication Services,88309000000.0,55535000000.0,18557000000.0,10992000000.0,31563000000.0,3774000000.0,219237000000.0,160034000000.0,24461000000.0,24500000000.0,122269000000.0,59203000000.0,2405000000.0,27950000000.0,-12523000000.0,15427000000.0,0.0848771498771498,False,0.12447202436897711,0.2101371321156394,0.0501375224072579,0.1856662669121497,0.9984081632653061,0.9002448979591837,2.065250071786903,4.917064122946476,0.40280153441253075
TROW,T. Rowe Price,Financials,Asset Management & Custody Banks,7314800000.0,3750300000.0,2477400000.0,2087100000.0,3082900000.0,0.0,14341800000.0,2288600000.0,4309400000.0,407600000.0,447200000.0,10860100000.0,0.0,1753400000.0,-274200000.0,1479200000.0,0.0311830382316454,False,0.2853256411658555,0.33868321758626346,0.1455256662343639,0.19218055082365723,10.572620215897938,10.572620215897938,,,0.5100336080547769
TTWO,Take-Two Interactive,Communication Services,Interactive Home Entertainment,6656400000.0,3809700000.0,-108600000.0,-298200000.0,1241500000.0,161300000.0,9383200000.0,5872300000.0,3199500000.0,2588800000.0,2958300000.0,3510900000.0,0.0,624300000.0,-162800000.0,461500000.0,0.1815535359272933,False,-0.04479899044528574,-0.016315125292951146,-0.031780202915849605,-0.0849354866273605,1.235900803461063,1.235900803461063,0.8426044603947705,-0.6732796032238065,0.7093955153892062
TPR,"Tapestry, Inc.",Consumer Discretionary,"Apparel, Accessories & Luxury Goods",7010700000.0,5288900000.0,1269800000.0,183200000.0,526400000.0,85400000.0,6580500000.0,5722700000.0,2905600000.0,1556900000.0,3899200000.0,857800000.0,860700000.0,1216600000.0,-122700000.0,1093900000.0,0.0508903945317184,False,0.026131484730483403,0.18112314034261914,0.02783982980016716,0.21356959664257402,1.866272721433618,1.3134433810777828,4.545581720680811,14.868852459016393,1.0653749715067244
TRGP,Targa Resources,Energy,Oil & Gas Storage & Transportation,17028300000.0,5005200000.0,3331200000.0,1923000000.0,4854500000.0,852800000.0,25218400000.0,22020200000.0,2362700000.0,3546800000.0,17522000000.0,3067900000.0,429300000.0,3917400000.0,-3333300000.0,584100000.0,0.0394835637762109,False,0.11292965240217755,0.19562727929388135,0.07625384639786822,0.6268131295022654,0.666149768805684,0.5451110860493966,5.7113986766191855,3.9061913696060038,0.6752331630872697
TGT,Target Corporation,Consumer Staples,Consumer Staples Merchandise Retail,104780000000.0,29269000000.0,5117000000.0,3705000000.0,8346000000.0,445000000.0,59490000000.0,43325000000.0,20005000000.0,21230000000.0,20290000000.0,16165000000.0,12304000000.0,6562000000.0,-3727000000.0,2835000000.0,-0.0167595668412063,False,0.03535980148883375,0.048835655659477,0.062279374684820976,0.2291988864831426,0.9422986340084786,0.36274140367404617,1.2551809464893289,11.498876404494382,1.7613044209110775
TEL,TE Connectivity,Information Technology,Electronic Manufacturing Services,17262000000.0,6079000000.0,3384000000.0,1842000000.0,4119000000.0,77000000.0,25081000000.0,12351000000.0,7966000000.0,5120000000.0,5820000000.0,12585000000.0,2699000000.0,4139000000.0,-936000000.0,3203000000.0,0.089428841905964,False,0.10670837678136948,0.19603753910323254,0.07344204776524062,0.1463647199046484,1.555859375,1.0287109375,0.46245530393325385,43.94805194805195,0.6882500697739324
TDY,Teledyne Technologies,Information Technology,Electronic Equipment & Instruments,6115400000.0,2614800000.0,1149800000.0,894800000.0,1490400000.0,59600000.0,15285300000.0,4771400000.0,3055600000.0,1860100000.0,2642100000.0,10513900000.0,1043300000.0,1191300000.0,-117300000.0,1074000000.0,0.0785537918871252,False,0.14631912875690878,0.18801713706380613,0.05853990435254787,0.0851063829787234,1.6427073813235848,1.0818235578732327,0.2512959035181997,19.29194630872483,0.40008374058736174
TER,Teradyne,Information Technology,Semiconductor Materials & Equipment,3190024000.0,1857345000.0,688605000.0,554047000.0,788087000.0,6846000.0,4183599000.0,1387847000.0,1949300000.0,1115207000.0,283239000.0,2795752000.0,379552000.0,674415000.0,-224009000.0,450406000.0,0.1312623232194277,False,0.17368113844911512,0.21586201232341826,0.1324331036507084,0.1981745877316729,1.7479266181076698,1.4075844215468518,0.10131048819780868,100.58501314636284,0.7625071140900455
TSLA,"Tesla, Inc.",Consumer Discretionary,Automobile Manufacturers,94827000000.0,17094000000.0,4849000000.0,3794000000.0,11764000000.0,338000000.0,137806000000.0,54941000000.0,68642000000.0,31714000000.0,14719000000.0,82137000000.0,12392000000.0,14747000000.0,-8527000000.0,6220000000.0,-0.0293069915037363,False,0.04000970187815706,0.05113522519957396,0.02753145726601164,0.04619111971462313,2.1644068865485275,1.7736646276092578,0.17920060386914546,14.346153846153847,0.6881195303542661
TXN,Texas Instruments,Information Technology,Semiconductors,17682000000.0,10083000000.0,6140000000.0,5001000000.0,8252000000.0,543000000.0,34585000000.0,18312000000.0,13750000000.0,3159000000.0,14048000000.0,16273000000.0,4804000000.0,7153000000.0,-4550000000.0,2603000000.0,0.1304903778530784,False,0.2828299966067187,0.34724578667571543,0.14460026022842273,0.3073188717507528,4.352643241532131,2.831908831908832,0.8632704479813188,11.30755064456722,0.5112621078502241
TPL,Texas Pacific Land Corporation,Energy,Oil & Gas Exploration & Production,798190000.0,682129000.0,592161000.0,481376000.0,673552000.0,690000.0,1623278000.0,164371000.0,319320000.0,73569000.0,16175000.0,1458907000.0,0.0,545910000.0,-513775000.0,32135000.0,0.1308642535026487,False,0.6030844786329069,0.741879752941029,0.2965456317402195,0.3299566044991216,4.340415120499124,4.340415120499124,0.011087067235951297,858.204347826087,0.49171491266437417
TXT,Textron,Industrials,Aerospace & Defense,14799000000.0,2695000000.0,1001000000.0,921000000.0,1664000000.0,126000000.0,18129000000.0,10254000000.0,8572000000.0,4353000000.0,3878000000.0,7875000000.0,4278000000.0,1312000000.0,-383000000.0,929000000.0,0.0800613049189899,False,0.06223393472531928,0.06763970538549902,0.05080258149925534,0.11695238095238095,1.969216632207673,0.9864461291063634,0.49244444444444446,7.944444444444445,0.8163163991395003
TMO,Thermo Fisher Scientific,Health Care,Life Sciences Tools & Services,44557000000.0,18239000000.0,8110000000.0,6704000000.0,11507000000.0,1419000000.0,110343000000.0,56807000000.0,28707000000.0,15189000000.0,39385000000.0,53407000000.0,5425000000.0,7818000000.0,-1525000000.0,6293000000.0,0.0391333753119242,False,0.15045896267702044,0.18201404941984425,0.06075600627135387,0.12552661636115117,1.8899861742050168,1.5328198038053855,0.7374501469844776,5.715292459478506,0.40380450051203975
TJX,TJX Companies,Consumer Discretionary,Apparel Retail,60372000000.0,18693000000.0,7178000000.0,5494000000.0,8620000000.0,74000000.0,35767000000.0,25577000000.0,15202000000.0,13361000000.0,13489000000.0,10190000000.0,7297000000.0,6874000000.0,-1957000000.0,4917000000.0,0.0711852377572746,False,0.09100245146756775,0.11889617703571193,0.15360527860877346,0.5391560353287537,1.1377890876431405,0.5916473317865429,1.3237487733071638,97.0,1.687924623256074
TKO,TKO Group Holdings,Communication Services,Movies & Entertainment,4735151000.0,2831998000.0,835015000.0,195403000.0,1320595000.0,202724000.0,15495821000.0,6245742000.0,2329061000.0,1847163000.0,4063035000.0,3737381000.0,57126000.0,1285725000.0,-126953000.0,1158772000.0,-0.030524701790923,False,0.04126647703526244,0.17634390117654114,0.012610044992130458,0.052283403806034225,1.2608854768095723,1.229959131922846,1.0871342793255492,4.118974566405556,0.30557600013577857
TTD,Trade Desk (The),Communication Services,Advertising,2896284000.0,2277217000.0,589321000.0,443304000.0,705105000.0,0.0,6153220000.0,3668829000.0,5261004000.0,3265997000.0,436330000.0,2484391000.0,0.0,992721000.0,-209763000.0,782958000.0,0.1846561173348996,False,0.1530595756493493,0.20347486641503387,0.07204423050045342,0.178435681018004,1.6108416511099062,1.6108416511099062,0.1756285544425173,,0.47069404311888735
TSCO,Tractor Supply,Consumer Discretionary,Other Specialty Retail,15524046000.0,5654508000.0,1467389000.0,1096087000.0,1961400000.0,69144000.0,10933679000.0,8352386000.0,3507797000.0,2614449000.0,5942895000.0,2581293000.0,3084086000.0,1635259000.0,-894770000.0,740489000.0,0.0430561751006888,False,0.0706057557417699,0.09452361839175173,0.10024869030817532,0.4246271151705754,1.3416964721820928,0.16206512347343552,2.3022938504075285,21.222217401365267,1.4198373667271555
TT,Trane Technologies,Industrials,Building Products,21321900000.0,7710200000.0,3967400000.0,2918600000.0,4281600000.0,226700000.0,21420700000.0,12819800000.0,7863000000.0,6286700000.0,4615100000.0,8579200000.0,2103600000.0,3194500000.0,-383000000.0,2811500000.0,0.0747900515167706,False,0.13688273559110586,0.18607159774691748,0.13625138300802495,0.34019488996643044,1.250735680086532,0.9161245168371324,0.5379406005221932,17.500661667401854,0.9953876390594145
TDG,TransDigm Group,Industrials,Aerospace & Defense,8831000000.0,5311000000.0,4189000000.0,2074000000.0,4568000000.0,1572000000.0,22909000000.0,32588000000.0,7012000000.0,2182000000.0,30030000000.0,-9686000000.0,2095000000.0,2038000000.0,-222000000.0,1816000000.0,0.1122166246851385,True,0.23485448986524743,0.4743517155475031,0.09053210528613209,,3.213565536205316,2.2534372135655363,,2.6647582697201018,0.3854816884193985
TRV,Travelers Companies (The),Financials,Property & Casualty Insurance,48828000000.0,,,6288000000.0,,425000000.0,143708000000.0,110814000000.0,,,9267000000.0,32894000000.0,0.0,10606000000.0,,10606000000.0,0.0516929439131558,False,0.12877856967313836,,0.04375539288000668,0.19115948197239618,,,,,0.3397723160853954
TRMB,Trimble Inc.,Information Technology,Application Software,3587300000.0,2477900000.0,611300000.0,424000000.0,783700000.0,74400000.0,9312000000.0,3475800000.0,1631900000.0,1503400000.0,1392200000.0,5836200000.0,186300000.0,386200000.0,-25300000.0,360900000.0,-0.0260635842858306,False,0.11819474256404539,0.17040671256934184,0.04553264604810996,0.07265001199410576,1.0854729280297992,0.9615538113609152,0.2385456290051746,8.216397849462366,0.38523410652920964
TFC,Truist Financial,Financials,Diversified Banks,20319000000.0,,,5307000000.0,,10119000000.0,547538000000.0,482349000000.0,,,64305000000.0,65189000000.0,0.0,5739000000.0,,5739000000.0,0.5302756439222774,False,0.26118411339140707,,0.00969247796499969,0.08140944024298578,,,,,0.037109753113025945
TYL,Tyler Technologies,Information Technology,Application Software,2332340000.0,1083700000.0,357676000.0,315603000.0,543177000.0,4995000.0,5638908000.0,1936119000.0,1843888000.0,1755445000.0,642608000.0,3702789000.0,0.0,653543000.0,-32793000.0,620750000.0,0.0909985625429471,False,0.13531603454041863,0.15335499969987224,0.05596881523869515,0.0852338602064552,1.0503820968472382,1.0503820968472382,0.1735470209077536,71.6068068068068,0.4136155440024913
TSN,Tyson Foods,Consumer Staples,Packaged Foods & Meats,54441000000.0,3562000000.0,1441000000.0,474000000.0,2579000000.0,449000000.0,36658000000.0,18431000000.0,9916000000.0,6389000000.0,8830000000.0,18085000000.0,5681000000.0,2155000000.0,-978000000.0,1177000000.0,0.0212346883265489,False,0.008706673279329917,0.02646902150952407,0.012930328986851437,0.02620956593862317,1.5520425731726404,0.662858037251526,0.48824993088194635,3.2093541202672604,1.4851055704075509
USB,U.S. Bancorp,Financials,Diversified Banks,28540000000.0,,,7570000000.0,,14321000000.0,692345000000.0,626694000000.0,,,68413000000.0,65193000000.0,0.0,7970000000.0,,7970000000.0,0.0440826778854947,False,0.2652417659425368,,0.010933855231134767,0.11611676100194807,,,,,0.04122222302464812
UBER,Uber,Industrials,Passenger Ground Transportation,52017000000.0,20679000000.0,5565000000.0,10053000000.0,6987000000.0,440000000.0,61802000000.0,33719000000.0,13993000000.0,12320000000.0,12080000000.0,27041000000.0,0.0,10099000000.0,-336000000.0,9763000000.0,0.1827959434262585,False,0.19326374070015573,0.10698425514735567,0.16266463868483222,0.3717687955327096,1.1357954545454545,1.1357954545454545,0.44672904108575867,12.647727272727273,0.8416717905569399
UDR,"UDR, Inc.",Real Estate,Multi-Family Residential REITs,1712317000.0,464127000.0,322375000.0,377704000.0,1281204000.0,196619000.0,10605674000.0,6456911000.0,186911000.0,923960000.0,6004332000.0,3288462000.0,0.0,902887000.0,-288941000.0,613946000.0,0.0242098236555846,False,0.22058065183023937,0.18826829377971485,0.03561338958749816,0.1148573406048177,0.20229338932421317,0.20229338932421317,1.825878480578459,1.639592307966168,0.16145291661802919
ULTA,Ulta Beauty,Consumer Discretionary,Other Specialty Retail,12392820000.0,4845224000.0,1548813000.0,1153479000.0,1849585000.0,0.0,6999294000.0,4195843000.0,3144146000.0,2224342000.0,2182061000.0,2803451000.0,2181127000.0,1502780000.0,-434829000.0,1067951000.0,0.0971316933043451,False,0.09307639423472623,0.12497663969943887,0.16479933547583514,0.41144967399109167,1.4135173458038377,0.43294556322723754,0.7783481858609264,,1.7705814329273781
UNP,Union Pacific Corporation,Industrials,Rail Transportation,24510000000.0,11220000000.0,9846000000.0,7138000000.0,12940000000.0,1309000000.0,69698000000.0,51231000000.0,4555000000.0,5014000000.0,32822000000.0,18467000000.0,787000000.0,9290000000.0,-3791000000.0,5499000000.0,0.010721649484536,False,0.2912280701754386,0.40171358629130965,0.10241326867341961,0.3865273190014621,0.9084563222975668,0.751495811727164,1.7773325391238426,7.521772345301757,0.35166001893885046
UAL,United Airlines Holdings,Industrials,Passenger Airlines,59070000000.0,17000000000.0,4972000000.0,3353000000.0,8412000000.0,1167000000.0,76448000000.0,61166000000.0,16857000000.0,26133000000.0,31036000000.0,15282000000.0,1556000000.0,8431000000.0,-5874000000.0,2557000000.0,0.0351716523842069,False,0.05676316234975453,0.08417132216014897,0.04385987861029719,0.21940845439078654,0.645046492939961,0.5855049171545555,2.0308860096845964,4.260497000856898,0.7726820845542067
UPS,United Parcel Service,Industrials,Air Freight & Logistics,88661000000.0,16030000000.0,7867000000.0,5572000000.0,11927000000.0,1017000000.0,73090000000.0,56835000000.0,19045000000.0,15620000000.0,28590000000.0,16227000000.0,739000000.0,8450000000.0,-3685000000.0,4765000000.0,-0.0264521796420336,False,0.06284612174462277,0.08873123470296974,0.07623477903954029,0.3433783200838109,1.219270166453265,1.1719590268886044,1.7618783508966538,7.735496558505408,1.213038719387057
URI,United Rentals,Industrials,Trading Companies & Distributors,16099000000.0,6144000000.0,3974000000.0,2494000000.0,7162000000.0,716000000.0,29866000000.0,20898000000.0,3608000000.0,3819000000.0,15670000000.0,8968000000.0,240000000.0,5190000000.0,-4528000000.0,662000000.0,0.0491365265558813,False,0.15491645443816385,0.24684763028759552,0.08350632826625594,0.278099910793934,0.9447499345378372,0.8819062581827704,1.7473238180196253,5.550279329608938,0.539041050023438
UNH,UnitedHealth Group,Health Care,Managed Health Care,447567000000.0,82917000000.0,18964000000.0,12056000000.0,23060000000.0,4002000000.0,309581000000.0,207883000000.0,90582000000.0,114897000000.0,78389000000.0,94110000000.0,0.0,19697000000.0,-3622000000.0,16075000000.0,0.118140392427263,False,0.026936749134766416,0.04237130977038075,0.03894295838568904,0.12810540856444586,0.7883756756051071,0.7883756756051071,0.832950802252683,4.738630684657672,1.4457185679999742
UHS,Universal Health Services,Health Care,Health Care Facilities,17364829000.0,15705820000.0,1994015000.0,1488796000.0,2743141000.0,152257000.0,15527593000.0,8118185000.0,3407915000.0,3239601000.0,5166503000.0,7275792000.0,232110000.0,1864397000.0,-1039847000.0,824550000.0,0.0971000954957169,False,0.08573628913938629,0.11483067296545219,0.09588066869089111,0.2046232217743443,1.0519551636142845,0.9803074514423227,0.7100949284971313,13.096376521276525,1.1183207210544481
VLO,Valero Energy,Energy,Oil & Gas Refining & Marketing,122687000000.0,5369000000.0,4312000000.0,2348000000.0,6719000000.0,556000000.0,57988000000.0,31383000000.0,23210000000.0,14109000000.0,11703000000.0,23725000000.0,7591000000.0,5826000000.0,-796000000.0,5030000000.0,-0.0553891639269793,False,0.019138131994424837,0.035146348023833006,0.04049113609712354,0.09896733403582719,1.6450492593380113,1.1070238854631795,0.49327713382507904,7.755395683453237,2.115730840863627
VEEV,Veeva Systems,Health Care,Health Care Technology,3195311000.0,2413292000.0,916369000.0,908906000.0,954341000.0,0.0,8979343000.0,1764591000.0,7997630000.0,1637056000.0,95859000.0,7214752000.0,0.0,1415225000.0,,1415225000.0,0.1633615729010831,False,0.28444993304251137,0.2867855429408906,0.10122188226911479,0.12597882782388084,4.885373499745885,4.885373499745885,0.013286527381675767,,0.3558513133978733
VTR,Ventas,Real Estate,Health Care REITs,5833980000.0,2414064000.0,857524000.0,251381000.0,2271082000.0,612246000.0,27591945000.0,15006137000.0,1326092000.0,1387956000.0,13219618000.0,12527253000.0,0.0,1646726000.0,-644615000.0,1002111000.0,0.1847410355167653,False,0.04308910897877607,0.14698781963599464,0.009110666174494042,0.02006672971321007,0.9554279818668603,0.9554279818668603,1.0552687009674029,1.4006200122173114,0.2114377946172334
VLTO,Veralto,Industrials,Environmental & Facilities Services,5503000000.0,3299000000.0,1277000000.0,940000000.0,1347000000.0,96000000.0,7693000000.0,4587000000.0,3432000000.0,2056000000.0,2879000000.0,3105000000.0,307000000.0,1077000000.0,-63000000.0,1014000000.0,0.0596957442711342,False,0.1708159185898601,0.2320552425949482,0.12218900298973093,0.3027375201288245,1.6692607003891051,1.519941634241245,0.9272141706924316,13.302083333333334,0.7153256206941375
VRSN,Verisign,Information Technology,Internet Services & Infrastructure,1656600000.0,1460300000.0,1121000000.0,825700000.0,1176700000.0,77000000.0,1325900000.0,3480100000.0,652500000.0,1333100000.0,1798000000.0,-2154200000.0,0.0,1091100000.0,-22800000.0,1068300000.0,0.0636959034287915,True,0.49843052034287094,0.6766871906314137,0.6227468134851799,,0.48946065561473256,0.48946065561473256,,14.558441558441558,1.2494154913643563
VRSK,Verisk Analytics,Industrials,Research & Consulting Services,3072700000.0,2147200000.0,1343900000.0,908300000.0,1668900000.0,170900000.0,6195500000.0,5885700000.0,2765400000.0,2300300000.0,4900400000.0,309000000.0,0.0,1436000000.0,-244100000.0,1191900000.0,0.0662803206440642,False,0.29560321541315454,0.43736778728805287,0.1466064078766847,2.9394822006472494,1.2021910185627962,1.2021910185627962,15.858899676375405,7.863662960795787,0.4959567427971915
VZ,Verizon,Communication Services,Integrated Telecommunication Services,138191000000.0,81426000000.0,29259000000.0,17174000000.0,47715000000.0,6694000000.0,404258000000.0,298517000000.0,56922000000.0,62370000000.0,181643000000.0,104460000000.0,2441000000.0,37137000000.0,-17461000000.0,19676000000.0,0.0252470546339436,False,0.12427726841834852,0.2117286943433364,0.042482770903729795,0.16440742868083477,0.9126503126503126,0.8735129068462402,1.7388761248324718,4.370929190319689,0.34183862780699453
VRTX,Vertex Pharmaceuticals,Health Care,Biotechnology,12001300000.0,10350000000.0,4554400000.0,3953200000.0,4866300000.0,13300000.0,25643000000.0,6977200000.0,11201000000.0,3861200000.0,2030500000.0,18665800000.0,1686800000.0,3631400000.0,-437600000.0,3193800000.0,0.0890373045616646,False,0.32939764858806964,0.3794922216759851,0.154162929454432,0.21178840446163572,2.9009116336890086,2.464052626126593,0.10878183629954248,342.43609022556393,0.46801466287095894
VRT,Vertiv,Industrials,Electrical Components & Equipment,10229900000.0,3715200000.0,1896200000.0,1332800000.0,2136600000.0,86100000.0,12212400000.0,8271100000.0,6819500000.0,4407000000.0,3227900000.0,3941300000.0,1456500000.0,2113800000.0,-226400000.0,1887400000.0,0.2768541401432886,False,0.13028475351665217,0.18535860565596926,0.10913497756378762,0.3381625352041205,1.5474245518493306,1.2169276151577038,0.8189937330322482,22.02322880371661,0.8376649962333366
VTRS,Viatris,Health Care,Pharmaceuticals,14299900000.0,5013500000.0,253500000.0,-3514900000.0,-395400000.0,471300000.0,37193100000.0,22481800000.0,9789200000.0,7094300000.0,14698000000.0,14711300000.0,3999200000.0,2315900000.0,-465100000.0,1850800000.0,-0.0298114564463712,False,-0.2457989216707809,0.017727396695081783,-0.09450408812387244,-0.23892517996370138,1.3798683450093738,0.8161481752956599,0.9990959330582614,0.5378739656269892,0.3844772283030992
VICI,Vici Properties,Real Estate,Hotel & Resort REITs,4006116000.0,3979386000.0,3655301000.0,2775493000.0,3668230000.0,843614000.0,46724168000.0,18501581000.0,19339997000.0,724974000.0,17689740000.0,27797640000.0,0.0,2509991000.0,-1335000.0,2508656000.0,0.04076452150509,False,0.6928139374895784,0.912430144309351,0.05940165697546503,0.0998463538631337,26.67681461680005,26.67681461680005,0.6363756059866953,4.332906993008651,0.08573969685238697
V,Visa Inc.,Financials,Transaction & Payment Processing Services,40000000000.0,32145000000.0,26556000000.0,20058000000.0,26003000000.0,589000000.0,99627000000.0,61718000000.0,37766000000.0,35048000000.0,25171000000.0,37909000000.0,0.0,23059000000.0,-1482000000.0,21577000000.0,0.1133997661860491,False,0.50145,0.6639,0.20133096449757595,0.5291091825160252,1.0775507874914403,1.0775507874914403,,,0.4014975859957642
VST,Vistra Corp.,Utilities,Electric Utilities,17738000000.0,5834000000.0,2134000000.0,944000000.0,5055000000.0,982000000.0,41550000000.0,36440000000.0,9179000000.0,11814000000.0,20068000000.0,5097000000.0,1016000000.0,4070000000.0,-2752000000.0,1318000000.0,0.029842080817464,False,0.05321907768632315,0.12030668621039577,0.022719614921780987,0.18520698450068668,0.7769595395293719,0.6909598781107161,3.9372179713556994,2.1731160896130346,0.42690734055354995
VMC,Vulcan Materials Company,Materials,Construction Materials,7941100000.0,2174600000.0,1567200000.0,1076700000.0,2357500000.0,239700000.0,16700400000.0,8151500000.0,2567900000.0,956100000.0,4884700000.0,8525100000.0,680500000.0,1813000000.0,-677700000.0,1135300000.0,0.0705609555522601,False,0.13558575008500082,0.1973530115475186,0.06447150966443918,0.1262976387373755,2.6858069239619287,1.9740612906599728,0.5729786160866148,6.538172715894868,0.47550358075255683
WRB,W. R. Berkley Corporation,Financials,Property & Casualty Insurance,14639850000.0,,,1779403000.0,,126892000.0,44071071000.0,34359177000.0,,,2839725000.0,9700818000.0,0.0,3582616000.0,-169994000.0,3412622000.0,0.0692946556339258,False,0.12154516610484398,,0.040375760325860925,0.18342813977130587,,,,,0.3321872981031026
GWW,W. W. Grainger,Industrials,Industrial Machinery & Supplies & Components,17942000000.0,7009000000.0,2495000000.0,1706000000.0,2765000000.0,81000000.0,8962000000.0,4821000000.0,5484000000.0,1940000000.0,2862000000.0,3736000000.0,2394000000.0,2015000000.0,-684000000.0,1331000000.0,0.0450838769804287,False,0.09508416007134099,0.1390591907256716,0.1903592948002678,0.45663811563169165,2.8268041237113404,1.592783505154639,0.7660599571734475,30.80246913580247,2.0020084802499443
WAB,Wabtec,Industrials,Construction Machinery & Heavy Transportation Equipment,11167000000.0,3806000000.0,1793000000.0,1170000000.0,2274000000.0,225000000.0,22069000000.0,10879000000.0,5694000000.0,5150000000.0,5541000000.0,11142000000.0,2745000000.0,1759000000.0,-260000000.0,1499000000.0,0.0750938673341677,False,0.10477299185098952,0.16056237127249934,0.05301554216321537,0.1050080775444265,1.105631067961165,0.5726213592233009,0.4973074851911686,7.9688888888888885,0.5060038968689111
WMT,Walmart,Consumer Staples,Consumer Staples Merchandise Retail,713163000000.0,177768000000.0,29825000000.0,21893000000.0,46471000000.0,2799000000.0,284668000000.0,178488000000.0,84874000000.0,107469000000.0,67095000000.0,99617000000.0,58851000000.0,41565000000.0,-26642000000.0,14923000000.0,0.0472521421176677,False,0.03069845182658102,0.041820733829433104,0.07690713392443127,0.21977172570946726,0.7897533242144247,0.24214424624775516,0.6735296184386199,10.655591282600929,2.5052447061137886
DIS,Walt Disney Company (The),Communication Services,Movies & Entertainment,94425000000.0,35659000000.0,13832000000.0,12404000000.0,19141000000.0,1812000000.0,197514000000.0,82902000000.0,24267000000.0,34162000000.0,44877000000.0,109869000000.0,2134000000.0,18101000000.0,-8024000000.0,10077000000.0,0.0335372861505456,False,0.1313635160180037,0.1464866296002118,0.06280061160221553,0.11289808772265152,0.7103506820443768,0.6478836133715825,0.4084591650055976,7.63355408388521,0.4780673775023543
WBD,Warner Bros. Discovery,Communication Services,Broadcasting,37296000000.0,16411000000.0,1309000000.0,727000000.0,21263000000.0,2085000000.0,100085000000.0,62919000000.0,13206000000.0,12500000000.0,32567000000.0,35919000000.0,0.0,4319000000.0,-1231000000.0,3088000000.0,-0.0514991989013504,False,0.01949270699270699,0.0350975975975976,0.007263825748114103,0.020239984409365516,1.05648,1.05648,0.9066789164509034,0.6278177458033574,0.37264325323475045
WM,Waste Management,Industrials,Environmental & Facilities Services,25204000000.0,10192000000.0,4607000000.0,2708000000.0,7201000000.0,912000000.0,45835000000.0,35844000000.0,4910000000.0,5524000000.0,22907000000.0,9990000000.0,225000000.0,6043000000.0,-3227000000.0,2816000000.0,0.1423650455513756,False,0.10744326297413109,0.18278844627836852,0.05908148794589288,0.2710710710710711,0.888848660391021,0.8481173062997828,2.292992992992993,5.051535087719298,0.5498854587105924
WAT,Waters Corporation,Health Care,Life Sciences Tools & Services,3165286000.0,1876464000.0,802588000.0,642629000.0,1030663000.0,69548000.0,5076550000.0,2515308000.0,2147645000.0,1239499000.0,1491084000.0,2561242000.0,572371000.0,652555000.0,-112745000.0,539810000.0,0.069936421435059,False,0.20302399214478564,0.2535593940010476,0.12658774167495643,0.2509052248869884,1.7326718295053083,1.2708957409404928,0.5821722429977332,11.540058664519469,0.6235112428716353
WEC,WEC Energy Group,Utilities,Electric Utilities,9800100000.0,4133500000.0,2374900000.0,1558700000.0,4047100000.0,895100000.0,51518300000.0,37465500000.0,3284700000.0,5593400000.0,22314200000.0,13644000000.0,803400000.0,3379400000.0,-4398100000.0,-1018700000.0,0.1395597623228177,False,0.159049397455128,0.24233426189528678,0.03025526851623598,0.1142406918792143,0.5872456824114135,0.4436121142775414,1.6354588097332161,2.653223103563848,0.1902256091524759
WFC,Wells Fargo,Financials,Diversified Banks,83699000000.0,,,21338000000.0,,39830000000.0,2148631000000.0,1965593000000.0,,,193035000000.0,181117000000.0,0.0,-19001000000.0,,-19001000000.0,0.0170482161951978,False,0.2549373349741335,,0.009930974653162875,0.11781334717337412,,,,,0.038954571538807735
WELL,Welltower,Real Estate,Health Care REITs,10667136000.0,4179055000.0,355168000.0,936845000.0,2310458000.0,651955000.0,67303047000.0,24100108000.0,9912121000.0,1855679000.0,21380295000.0,42129498000.0,0.0,2881677000.0,-33799000.0,2847878000.0,0.3582448242326021,False,0.08782535443440488,0.03329553499646016,0.01391980068896435,0.02223726947802701,5.341506262667196,5.341506262667196,0.5074899064783539,0.5447737957374359,0.15849410205751904
WST,West Pharmaceutical Services,Health Care,Health Care Supplies,3074100000.0,1104000000.0,636100000.0,493700000.0,772800000.0,500000.0,4270000000.0,1094000000.0,1978200000.0,654900000.0,321100000.0,3176000000.0,443900000.0,754800000.0,-285900000.0,468900000.0,0.0625259228535877,False,0.1605998503627078,0.20692235125727856,0.11562060889929743,0.15544710327455918,3.0206138341731563,2.3428004275461904,0.10110201511335012,1272.2,0.7199297423887587
WDC,Western Digital,Information Technology,"Technology Hardware, Storage & Peripherals",9520000000.0,3692000000.0,2130000000.0,1861000000.0,1938000000.0,357000000.0,14002000000.0,8462000000.0,5856000000.0,5418000000.0,4711000000.0,5540000000.0,1291000000.0,1691000000.0,-412000000.0,1279000000.0,0.5070444831407314,False,0.19548319327731092,0.22373949579831934,0.13290958434509356,0.3359205776173285,1.080841638981174,0.842561830933924,0.8503610108303249,5.966386554621849,0.679902871018426
WY,Weyerhaeuser,Real Estate,Timber REITs,6905000000.0,1025000000.0,447000000.0,324000000.0,1042000000.0,273000000.0,16613000000.0,7187000000.0,1652000000.0,1278000000.0,5597000000.0,9426000000.0,593000000.0,562000000.0,-943000000.0,-381000000.0,-0.0307411566535654,False,0.04692251991310645,0.06473569876900796,0.019502799012821283,0.03437301082113304,1.2926447574334898,0.8286384976525821,0.5937831529811161,1.6373626373626373,0.4156383555047252
WSM,"Williams-Sonoma, Inc.",Consumer Discretionary,Homefurnishing Retail,7806816000.0,3603051000.0,1415722000.0,1088437000.0,1647171000.0,0.0,5411912000.0,3329353000.0,2713187000.0,1954130000.0,1456905000.0,2082559000.0,1462849000.0,1314889000.0,-259438000.0,1055451000.0,0.0123548587759567,False,0.13942137229825835,0.1813443534470391,0.20111875433303425,0.5226440163279887,1.388437309697922,0.6398438179650279,0.6995744178196152,,1.442524564331423
WMB,Williams Companies,Energy,Oil & Gas Storage & Transportation,11950000000.0,7404000000.0,4408000000.0,2618000000.0,7414000000.0,1442000000.0,58573000000.0,43578000000.0,3244000000.0,6106000000.0,29393000000.0,12807000000.0,314000000.0,5898000000.0,-4999000000.0,899000000.0,0.1377701609064077,False,0.21907949790794978,0.36887029288702927,0.044696361804927184,0.20441945810884674,0.5312807075008189,0.47985587946282343,2.2950730069493246,3.056865464632455,0.20401891656565313
WTW,Willis Towers Watson,Financials,Insurance Brokers,9708000000.0,4083000000.0,2257000000.0,1605000000.0,2631000000.0,260000000.0,29530000000.0,21478000000.0,16874000000.0,14004000000.0,6903000000.0,7976000000.0,0.0,1775000000.0,-229000000.0,1546000000.0,-0.0223564954682779,False,0.16532756489493203,0.23248866913885455,0.05435150694209279,0.2012286860581745,1.2049414453013425,1.2049414453013425,,,0.32875042329834064
WDAY,"Workday, Inc.",Information Technology,Application Software,9552000000.0,7231000000.0,1024000000.0,693000000.0,1470000000.0,114000000.0,18074000000.0,10269000000.0,8429000000.0,6378000000.0,3821000000.0,7805000000.0,0.0,2939000000.0,-162000000.0,2777000000.0,0.1309495619228037,False,0.07255025125628141,0.10720268006700168,0.0383423702556158,0.08878923766816144,1.321574161179053,1.321574161179053,0.48955797565663034,8.982456140350877,0.5284939692375789
WYNN,Wynn Resorts,Consumer Discretionary,Casinos & Gaming,7137924000.0,2957006000.0,1206597000.0,327334000.0,1760329000.0,625556000.0,13108117000.0,14139396000.0,2683521000.0,1643178000.0,12175929000.0,-275492000.0,88478000.0,1352653000.0,-660890000.0,691763000.0,0.0013977349202668,True,0.045858431667246666,0.16904032601075608,0.02497185522527759,,1.6331286080996703,1.579282950477672,,1.9288393045546681,0.5445422862795625
XEL,Xcel Energy,Utilities,Multi-Utilities,14669000000.0,6924000000.0,2879000000.0,2018000000.0,6198000000.0,1343000000.0,81371000000.0,57762000000.0,5014000000.0,7089000000.0,34781000000.0,23609000000.0,761000000.0,4083000000.0,-10908000000.0,-6825000000.0,0.0913622498326017,False,0.13756902310995978,0.19626423069057194,0.024799990168487544,0.0854758778431954,0.7072929891381012,0.599943574552123,1.4732093693083146,2.1437081161578555,0.18027307025844588
XYL,Xylem Inc.,Industrials,Industrial Machinery & Supplies & Components,9035000000.0,3475000000.0,1326000000.0,957000000.0,1785000000.0,29000000.0,17634000000.0,5885000000.0,4641000000.0,2856000000.0,2063000000.0,11480000000.0,983000000.0,1241000000.0,-331000000.0,910000000.0,0.0552441018453632,False,0.10592141671278361,0.14676258992805755,0.05427015991833957,0.0833623693379791,1.625,1.2808123249299719,0.17970383275261323,45.724137931034484,0.5123624815696949
YUM,Yum! Brands,Consumer Discretionary,Restaurants,8214000000.0,3792000000.0,2530000000.0,1559000000.0,2784000000.0,501000000.0,8197000000.0,15522000000.0,2040000000.0,1516000000.0,13189000000.0,-7325000000.0,0.0,2010000000.0,-371000000.0,1639000000.0,0.0880911378990594,True,0.18979790601412222,0.3080107134161188,0.19019153348786141,,1.345646437994723,1.345646437994723,,5.049900199600798,1.0020739294863974
ZBRA,Zebra Technologies,Information Technology,Electronic Equipment & Instruments,5396000000.0,2593000000.0,800000000.0,419000000.0,853000000.0,108000000.0,8502000000.0,4914000000.0,1796000000.0,1852000000.0,2697000000.0,3588000000.0,729000000.0,917000000.0,-86000000.0,831000000.0,0.0833166030917486,False,0.07765011119347665,0.14825796886582654,0.04928252175958598,0.11677814938684504,0.9697624190064795,0.576133909287257,0.7516722408026756,7.407407407407407,0.6346741943072218
ZBH,Zimmer Biomet,Health Care,Health Care Equipment,8231500000.0,5737800000.0,1356200000.0,705100000.0,2217400000.0,292800000.0,23091700000.0,10385900000.0,5119900000.0,2583700000.0,7519100000.0,12697700000.0,2286400000.0,1697100000.0,-276900000.0,1420200000.0,0.072005313468601,False,0.08565874992407216,0.16475733462916844,0.030534780895300043,0.05552974160674768,1.9816155126369162,1.0966830514378605,0.5921623601124613,4.631830601092896,0.35647007366283123
ZTS,Zoetis,Health Care,Pharmaceuticals,9467000000.0,6801000000.0,3597000000.0,2673000000.0,4069000000.0,222000000.0,15467000000.0,12136000000.0,6768000000.0,2235000000.0,9238000000.0,3331000000.0,2430000000.0,2904000000.0,-621000000.0,2283000000.0,0.0227960242005185,False,0.2823492130558783,0.37995141016161404,0.17281955130277366,0.8024617232062444,3.0281879194630874,1.9409395973154362,2.773341338937256,16.2027027027027,0.6120773259197
